/*
 Navicat Premium Data Transfer

 Source Server         : mysql
 Source Server Type    : MySQL
 Source Server Version : 50732
 Source Host           : localhost:3306
 Source Schema         : xzsss

 Target Server Type    : MySQL
 Target Server Version : 50732
 File Encoding         : 65001

 Date: 16/09/2022 22:01:55
*/

SET NAMES utf8mb4;
SET FOREIGN_KEY_CHECKS = 0;

-- ----------------------------
-- Table structure for menu
-- ----------------------------
DROP TABLE IF EXISTS `menu`;
CREATE TABLE `menu`  (
  `id` int(11) NOT NULL AUTO_INCREMENT COMMENT 'id',
  `parent_id` int(11) NOT NULL COMMENT '父菜单id',
  `href` varchar(200) CHARACTER SET utf8mb4 COLLATE utf8mb4_general_ci NULL DEFAULT NULL COMMENT '菜单路径',
  `icon` varchar(200) CHARACTER SET utf8mb4 COLLATE utf8mb4_general_ci NULL DEFAULT NULL COMMENT '菜单图标',
  `name` varchar(200) CHARACTER SET utf8mb4 COLLATE utf8mb4_general_ci NULL DEFAULT NULL COMMENT '菜单名称',
  `description` varchar(500) CHARACTER SET utf8mb4 COLLATE utf8mb4_general_ci NULL DEFAULT NULL COMMENT '描述',
  `order_num` int(11) NULL DEFAULT NULL COMMENT '排序号',
  `shown` tinyint(2) NULL DEFAULT 1 COMMENT '是否展示',
  `level` int(11) NOT NULL COMMENT '菜单层级，从0开始',
  `created_time` datetime NOT NULL COMMENT '创建时间',
  `updated_time` datetime NOT NULL COMMENT '更新时间',
  `created_by` varchar(100) CHARACTER SET utf8mb4 COLLATE utf8mb4_general_ci NOT NULL COMMENT '创建人',
  `updated_by` varchar(100) CHARACTER SET utf8mb4 COLLATE utf8mb4_general_ci NOT NULL COMMENT '更新人',
  PRIMARY KEY (`id`) USING BTREE
) ENGINE = InnoDB AUTO_INCREMENT = 95 CHARACTER SET = utf8mb4 COLLATE = utf8mb4_general_ci COMMENT = '菜单表' ROW_FORMAT = DYNAMIC;

-- ----------------------------
-- Records of menu
-- ----------------------------
INSERT INTO `menu` VALUES (1, -1, 'Permission', 'user', '权限管理', '管理系统角色、菜单、资源', 1, 1, 0, '2020-07-20 15:41:38', '2022-08-27 10:05:54', 'system', '18631142256');
INSERT INTO `menu` VALUES (2, 1, 'Role', 'lock', '角色列表', '管理系统角色', 1, 1, 1, '2020-07-20 15:41:38', '2020-07-20 15:41:38', 'system', 'system');
INSERT INTO `menu` VALUES (3, 1, 'Menu', 'lock', '菜单列表', '管理系统菜单', 2, 1, 1, '2020-07-20 15:41:38', '2020-07-20 15:41:38', 'system', 'system');
INSERT INTO `menu` VALUES (4, 1, 'Resource', 'lock', '资源列表', '管理系统资源', 3, 1, 1, '2020-07-20 15:41:38', '2020-07-20 15:41:38', 'system', 'system');
INSERT INTO `menu` VALUES (6, 1, 'UserPage', 'user', '用户管理', '用户的查询、禁用、启用', 3, 1, 1, '2020-07-20 15:41:38', '2022-09-07 09:05:23', 'system', '18631142256');
INSERT INTO `menu` VALUES (10, 1, 'AllocMenu', 'setting', '给角色分配菜单页面', '给角色分配菜单页面路由', 4, 0, 1, '2020-07-20 15:41:38', '2020-07-20 15:41:38', 'system', 'system');
INSERT INTO `menu` VALUES (11, 1, 'AllocResource', 'setting', '给角色分配资源页面', '给角色分配资源页面路由', 5, 0, 1, '2020-07-20 15:41:38', '2020-07-20 15:41:38', 'system', 'system');
INSERT INTO `menu` VALUES (12, 1, 'AddMenu', 'setting', '添加菜单页面', '添加菜单页路由', 6, 0, 1, '2020-07-20 15:41:38', '2020-07-20 15:41:38', 'system', 'system');
INSERT INTO `menu` VALUES (13, 1, 'UpdateMenu', 'setting', '更新菜单页面', '更新菜单页路由', 7, 0, 1, '2020-07-20 15:41:38', '2020-07-20 15:41:38', 'system', 'system');
INSERT INTO `menu` VALUES (14, 1, 'ResourceCategory', 'setting', '资源分类列表页面', '资源分类列表页面路由', 8, 0, 1, '2020-07-20 15:41:38', '2020-07-20 15:41:38', 'system', 'system');
INSERT INTO `menu` VALUES (36, -1, 'ExamPage', 'exam', '卷题管理', '考试父级管理', 0, 1, 0, '2022-03-29 06:47:41', '2022-03-29 06:58:38', '18631142256', '18631142256');
INSERT INTO `menu` VALUES (37, 36, 'ExamPaperPageList', 'exam', '考试列表', '考试列表', 0, 1, 1, '2022-03-29 06:53:00', '2022-03-29 06:53:00', '18631142256', '18631142256');
INSERT INTO `menu` VALUES (41, 1, 'UserPage', 'admin', '用户列表', '用户列表', 1, 1, 1, '2022-03-31 12:27:37', '2022-09-07 09:04:19', '18631142256', '18631142256');
INSERT INTO `menu` VALUES (42, 36, 'ExamPaperEdit', 'exam', '试卷创建', '题卷管理', 2, 1, 1, '2022-04-01 12:14:04', '2022-04-01 12:14:04', '18631142256', '18631142256');
INSERT INTO `menu` VALUES (43, 36, 'ManageList', 'exam', '发放设置', '题卷管理', 3, 1, 1, '2022-04-01 12:14:30', '2022-04-01 12:14:30', '18631142256', '18631142256');
INSERT INTO `menu` VALUES (44, 36, 'PreviewPaper', 'exam', '试卷预览', '题卷管理', 4, 1, 1, '2022-04-01 12:14:54', '2022-04-01 12:14:54', '18631142256', '18631142256');
INSERT INTO `menu` VALUES (45, 36, 'ExamQuestionPageList', 'exam', '题目列表', '题目列表', 4, 1, 1, '2022-04-01 12:15:25', '2022-04-01 12:15:25', '18631142256', '18631142256');
INSERT INTO `menu` VALUES (46, 36, 'singleChoicePage', 'exam', '单选题编辑', '题卷管理', 5, 1, 1, '2022-04-01 12:17:28', '2022-04-01 12:17:28', '18631142256', '18631142256');
INSERT INTO `menu` VALUES (47, 36, 'multipleChoicePage', 'exam', '多选题编辑', '多选题编辑', 6, 1, 1, '2022-04-01 12:17:53', '2022-04-01 12:17:53', '18631142256', '18631142256');
INSERT INTO `menu` VALUES (48, 36, 'trueFalsePage', 'exam', '判断题编辑', '判断题编辑', 7, 1, 1, '2022-04-01 12:18:13', '2022-04-01 12:18:13', '18631142256', '18631142256');
INSERT INTO `menu` VALUES (49, 36, 'gapFillingPage', 'exam', '填空题编辑', '填空题编辑', 10, 1, 1, '2022-04-01 12:18:36', '2022-04-01 12:18:36', '18631142256', '18631142256');
INSERT INTO `menu` VALUES (50, 36, 'shortAnswerPage', 'exam', '简答题编辑', '简答题编辑', 123, 1, 1, '2022-04-01 12:18:57', '2022-04-01 12:18:57', '18631142256', '18631142256');
INSERT INTO `menu` VALUES (51, -1, 'TaskPage', 'task', '考试管理', '考试管理', 0, 1, 0, '2022-04-01 12:20:44', '2022-04-01 12:20:44', '18631142256', '18631142256');
INSERT INTO `menu` VALUES (52, 51, 'TaskListPage', 'task', '任务列表', '任务列表', 2, 1, 1, '2022-04-01 12:22:30', '2022-04-01 12:22:30', '18631142256', '18631142256');
INSERT INTO `menu` VALUES (53, 51, 'ExamSysStudent', 'exam', '监考学生', '监考学生', 5, 1, 1, '2022-04-01 13:12:57', '2022-04-01 13:16:59', '18631142256', '18631142256');
INSERT INTO `menu` VALUES (54, 51, 'ExamSysList', 'exam', '考试监考', '考试监考', 10, 1, 1, '2022-04-01 13:14:01', '2022-04-01 13:16:30', '18631142256', '18631142256');
INSERT INTO `menu` VALUES (55, 51, 'ExamArgumentList', 'exam', '考试参数列表', '考试参数列表', 15, 1, 1, '2022-04-01 13:14:21', '2022-04-01 13:16:21', '18631142256', '18631142256');
INSERT INTO `menu` VALUES (56, 51, 'ExamArgumentEdit', 'exam', '参数编辑', '参数编辑', 19, 1, 1, '2022-04-01 13:14:49', '2022-04-01 13:16:11', '18631142256', '18631142256');
INSERT INTO `menu` VALUES (57, 51, 'ExamManageList', 'exam', '考试列表', '考试列表', 20, 1, 1, '2022-04-01 13:15:10', '2022-04-01 13:15:58', '18631142256', '18631142256');
INSERT INTO `menu` VALUES (58, 51, 'ExamManagePublish', 'exam', '发布考试', '发布考试', 0, 1, 1, '2022-04-01 13:15:48', '2022-04-01 13:15:48', '18631142256', '18631142256');
INSERT INTO `menu` VALUES (59, -1, 'AnswerPage', 'answer', '答卷管理', '答卷管理', 0, 1, 0, '2022-04-01 13:20:28', '2022-04-01 13:20:28', '18631142256', '18631142256');
INSERT INTO `menu` VALUES (60, 59, 'AnswerPageList', 'null', '批改列表', '批改列表', 2, 1, 1, '2022-04-01 13:22:32', '2022-04-01 13:22:32', '18631142256', '18631142256');
INSERT INTO `menu` VALUES (61, 59, 'CorrectPaper', 'null', '试卷批改', '试卷批改', 3, 1, 1, '2022-04-01 13:24:17', '2022-04-01 13:26:18', '18631142256', '18631142256');
INSERT INTO `menu` VALUES (62, 59, 'AnswerPageFinish', 'null', '试卷完成', '试卷完成', 5, 1, 1, '2022-04-01 13:24:35', '2022-04-01 13:25:07', '18631142256', '18631142256');
INSERT INTO `menu` VALUES (63, -1, 'AnalysisPage', 'exam', '成绩分析', '成绩分析', 0, 1, 0, '2022-04-01 13:27:46', '2022-04-09 14:04:03', '18631142256', '18631142256');
INSERT INTO `menu` VALUES (64, 63, 'AnalysisPageList', 'null', '试卷列表', '试卷列表', 1, 1, 1, '2022-04-01 13:28:16', '2022-04-10 07:02:25', '18631142256', '18631142256');
INSERT INTO `menu` VALUES (65, 63, 'ScoreAnalysis', 'null', '成绩分析', '成绩分析', 2, 1, 1, '2022-04-01 13:30:20', '2022-04-10 07:01:58', '18631142256', '18631142256');
INSERT INTO `menu` VALUES (66, -1, 'MessagePage', 'message', '消息中心', '消息中心', 0, 1, 0, '2022-04-01 13:39:24', '2022-04-01 13:39:24', '18631142256', '18631142256');
INSERT INTO `menu` VALUES (67, 66, 'MessageListPage', 'message', '消息列表', '消息列表', 1, 1, 1, '2022-04-01 13:39:59', '2022-04-01 13:39:59', '18631142256', '18631142256');
INSERT INTO `menu` VALUES (68, 66, 'MessageSendPage', '消息发送', '消息发送', '消息发送', 3, 1, 1, '2022-04-01 13:40:19', '2022-04-01 13:40:19', '18631142256', '18631142256');
INSERT INTO `menu` VALUES (69, -1, 'LogPage', 'log', '日志中心', '日志中心', 0, 1, 0, '2022-04-01 13:40:33', '2022-04-01 13:40:33', '18631142256', '18631142256');
INSERT INTO `menu` VALUES (70, 69, 'LogUserPage', 'log', '用户日志', '用户日志', 3, 1, 1, '2022-04-01 13:41:03', '2022-04-01 13:41:03', '18631142256', '18631142256');
INSERT INTO `menu` VALUES (71, -1, 'LogPage', 'log', '课程管理', '课程管理', 0, 1, 0, '2022-04-09 13:51:08', '2022-04-09 13:58:06', '18631142256', '18631142256');
INSERT INTO `menu` VALUES (72, 71, 'SubjectList', 'null', '课程列表', '课程列表', 1, 1, 1, '2022-04-09 13:52:11', '2022-04-09 13:58:15', '18631142256', '18631142256');
INSERT INTO `menu` VALUES (73, 71, 'SubjectEdit', 'null', '课程创编', '课程创编', 2, 0, 1, '2022-04-09 13:58:55', '2022-04-09 14:00:08', '18631142256', '18631142256');
INSERT INTO `menu` VALUES (74, 59, 'CorrectCheck', 'null', '试卷检查', '试卷检查', 4, 0, 1, '2022-04-10 06:33:29', '2022-04-10 06:33:29', '18631142256', '18631142256');
INSERT INTO `menu` VALUES (75, 63, 'ClassAnalysis', 'null', '班级分析', '班级分析', 3, 1, 1, '2022-04-10 06:44:55', '2022-04-10 06:44:55', '18631142256', '18631142256');
INSERT INTO `menu` VALUES (76, 36, 'QuestionBankList', 'null', '题库列表', '题库列表', 3, 1, 1, '2022-04-10 07:33:33', '2022-04-10 07:33:33', '18631142256', '18631142256');
INSERT INTO `menu` VALUES (77, 36, 'QuestionBankEdit', 'null', '题库编辑', '题库编辑', 4, 1, 1, '2022-04-10 07:33:48', '2022-04-10 07:33:48', '18631142256', '18631142256');
INSERT INTO `menu` VALUES (78, 36, 'ExamPaperAutoCreate', 'null', '智能组卷', '智能组卷', 5, 1, 1, '2022-04-10 14:07:21', '2022-04-10 14:07:21', '18631142256', '18631142256');
INSERT INTO `menu` VALUES (80, -1, 'KaoWu', 'exam', '考务管理', '考务管理', 0, 1, 0, '2022-04-11 07:57:15', '2022-04-11 07:57:15', '18631142256', '18631142256');
INSERT INTO `menu` VALUES (81, 80, 'RoomList', 'null', '考场列表', '考场列表', 1, 1, 1, '2022-04-11 07:57:31', '2022-04-11 07:57:31', '18631142256', '18631142256');
INSERT INTO `menu` VALUES (82, 80, 'PlanList', 'null', '考试计划', '考试计划', 2, 1, 1, '2022-04-11 07:57:47', '2022-04-11 07:57:47', '18631142256', '18631142256');
INSERT INTO `menu` VALUES (83, 80, 'KaoWuExamList', 'null', '考试编排', '考试编排', 3, 1, 1, '2022-04-11 07:58:00', '2022-04-11 07:58:00', '18631142256', '18631142256');
INSERT INTO `menu` VALUES (84, 80, 'KaoWuRoomUser', 'null', '考生分配考场', '考生分配考场', 4, 1, 1, '2022-04-11 08:12:31', '2022-04-11 08:12:31', '18631142256', '18631142256');
INSERT INTO `menu` VALUES (85, -1, 'Class', 'exam', '班级管理', '班级管理', 0, 1, 0, '2022-04-12 14:52:40', '2022-04-12 14:52:40', '18631142256', '18631142256');
INSERT INTO `menu` VALUES (86, 85, 'MyClassList', 'null', '我的班级', '班级列表', 1, 1, 1, '2022-04-12 14:53:09', '2022-09-08 11:20:55', '18631142256', '18631142256');
INSERT INTO `menu` VALUES (87, 85, 'EditClass', 'null', '编辑班级', '添加班级', 2, 0, 1, '2022-04-12 14:53:24', '2022-09-06 16:22:09', '18631142256', '18631142256');
INSERT INTO `menu` VALUES (88, 85, 'StudentInClass', 'null', '班内学生', '班内学生', 3, 1, 1, '2022-04-12 14:53:39', '2022-04-12 14:53:39', '18631142256', '18631142256');
INSERT INTO `menu` VALUES (91, 1, 'UserEdit', 'admin', '用户编辑', '用户编辑', 0, 0, 1, '2022-09-07 09:05:49', '2022-09-07 09:05:49', '18631142256', '18631142256');
INSERT INTO `menu` VALUES (94, 85, 'AllClassList', 'class', '所有班级', '班级列表', 0, 1, 1, '2022-09-08 11:22:08', '2022-09-08 11:22:08', '18631142256', '18631142256');

-- ----------------------------
-- Table structure for oauth_access_token
-- ----------------------------
DROP TABLE IF EXISTS `oauth_access_token`;
CREATE TABLE `oauth_access_token`  (
  `token_id` varchar(256) CHARACTER SET utf8mb4 COLLATE utf8mb4_general_ci NULL DEFAULT NULL COMMENT 'MD5加密的access_token的值',
  `token` blob NULL COMMENT 'OAuth2AccessToken.java对象序列化后的二进制数据',
  `authentication_id` varchar(256) CHARACTER SET utf8mb4 COLLATE utf8mb4_general_ci NULL DEFAULT NULL COMMENT 'MD5加密过的username,client_id,scope',
  `user_name` varchar(256) CHARACTER SET utf8mb4 COLLATE utf8mb4_general_ci NULL DEFAULT NULL COMMENT '登录的用户名',
  `client_id` varchar(256) CHARACTER SET utf8mb4 COLLATE utf8mb4_general_ci NULL DEFAULT NULL COMMENT '客户端ID',
  `authentication` blob NULL COMMENT 'OAuth2Authentication.java对象序列化后的二进制数据',
  `refresh_token` varchar(256) CHARACTER SET utf8mb4 COLLATE utf8mb4_general_ci NULL DEFAULT NULL COMMENT 'MD5加密果的refresh_token的值'
) ENGINE = InnoDB CHARACTER SET = utf8mb4 COLLATE = utf8mb4_general_ci COMMENT = '访问令牌表' ROW_FORMAT = DYNAMIC;

-- ----------------------------
-- Records of oauth_access_token
-- ----------------------------
INSERT INTO `oauth_access_token` VALUES ('59f0db7eb89d0c91e84316f394733bb0', 0xACED0005737200436F72672E737072696E676672616D65776F726B2E73656375726974792E6F61757468322E636F6D6D6F6E2E44656661756C744F4175746832416363657373546F6B656E0CB29E361B24FACE0200064C00156164646974696F6E616C496E666F726D6174696F6E74000F4C6A6176612F7574696C2F4D61703B4C000A65787069726174696F6E7400104C6A6176612F7574696C2F446174653B4C000C72656672657368546F6B656E74003F4C6F72672F737072696E676672616D65776F726B2F73656375726974792F6F61757468322F636F6D6D6F6E2F4F417574683252656672657368546F6B656E3B4C000573636F706574000F4C6A6176612F7574696C2F5365743B4C0009746F6B656E547970657400124C6A6176612F6C616E672F537472696E673B4C000576616C756571007E00057870737200176A6176612E7574696C2E4C696E6B6564486173684D617034C04E5C106CC0FB0200015A000B6163636573734F72646572787200116A6176612E7574696C2E486173684D61700507DAC1C31660D103000246000A6C6F6164466163746F724900097468726573686F6C6478703F4000000000000677080000000800000003740007757365725F696474000931303030333030323674000C6F7267616E697A6174696F6E74000B31383633313134323235387400036A746974001B644A456B54474933725145713735707861595169574A6B726B713078007372000E6A6176612E7574696C2E44617465686A81014B5974190300007870770800000174D84E0826787372004C6F72672E737072696E676672616D65776F726B2E73656375726974792E6F61757468322E636F6D6D6F6E2E44656661756C744578706972696E674F417574683252656672657368546F6B656E2FDF47639DD0C9B70200014C000A65787069726174696F6E71007E0002787200446F72672E737072696E676672616D65776F726B2E73656375726974792E6F61757468322E636F6D6D6F6E2E44656661756C744F417574683252656672657368546F6B656E73E10E0A6354D45E0200014C000576616C756571007E0005787074019965794A68624763694F694A49557A49314E694973496E523563434936496B705856434A392E65794A316332567958326C6B496A6F694D5441774D444D774D4449324969776964584E6C636C39755957316C496A6F694D5467324D7A45784E4449794E5467694C434A7A593239775A53493657794A795A57466B496C3073496D39795A3246756158706864476C7662694936496A45344E6A4D784D5451794D6A55344969776959585270496A6F695A4570466131524853544E79555556784E7A56776547465A55576C58536D747961334577496977695A586877496A6F784E6A41784E4455334E6A49324C434A686458526F62334A7064476C6C6379493657794A425656524954314A4A56466C665455464F5155644655694A644C434A7164476B694F694A5A4F58527661484A5762586C5561564E6B4C576B324F45704852306C725556683053484D694C434A6A62476C6C626E5266615751694F694A305A584E3058324E736157567564434A392E48754269353871772D4230534E784F5F45493442495933464B716E7757336B435432376279576D505975307371007E0010770800000174DE501E2578737200256A6176612E7574696C2E436F6C6C656374696F6E7324556E6D6F6469666961626C65536574801D92D18F9B80550200007872002C6A6176612E7574696C2E436F6C6C656374696F6E7324556E6D6F6469666961626C65436F6C6C656374696F6E19420080CB5EF71E0200014C0001637400164C6A6176612F7574696C2F436F6C6C656374696F6E3B7870737200176A6176612E7574696C2E4C696E6B656448617368536574D86CD75A95DD2A1E020000787200116A6176612E7574696C2E48617368536574BA44859596B8B7340300007870770C000000103F40000000000001740004726561647874000662656172657274016965794A68624763694F694A49557A49314E694973496E523563434936496B705856434A392E65794A316332567958326C6B496A6F694D5441774D444D774D4449324969776964584E6C636C39755957316C496A6F694D5467324D7A45784E4449794E5467694C434A7A593239775A53493657794A795A57466B496C3073496D39795A3246756158706864476C7662694936496A45344E6A4D784D5451794D6A5534496977695A586877496A6F784E6A41784D7A55324F4449324C434A686458526F62334A7064476C6C6379493657794A425656524954314A4A56466C665455464F5155644655694A644C434A7164476B694F694A6B536B56725645644A4D334A52525845334E58423459566C526156644B61334A72635441694C434A6A62476C6C626E5266615751694F694A305A584E3058324E736157567564434A392E476D674A5734477A5A655752664D553136365F62314E485A6B647369375F674C2D46366B6755766D705955, '60e06c6bfc0abbd291ff0db969b25362', '18631142258', 'test_client', 0xACED0005737200416F72672E737072696E676672616D65776F726B2E73656375726974792E6F61757468322E70726F76696465722E4F417574683241757468656E7469636174696F6EBD400B02166252130200024C000D73746F7265645265717565737474003C4C6F72672F737072696E676672616D65776F726B2F73656375726974792F6F61757468322F70726F76696465722F4F4175746832526571756573743B4C00127573657241757468656E7469636174696F6E7400324C6F72672F737072696E676672616D65776F726B2F73656375726974792F636F72652F41757468656E7469636174696F6E3B787200476F72672E737072696E676672616D65776F726B2E73656375726974792E61757468656E7469636174696F6E2E416273747261637441757468656E7469636174696F6E546F6B656ED3AA287E6E47640E0200035A000D61757468656E746963617465644C000B617574686F7269746965737400164C6A6176612F7574696C2F436F6C6C656374696F6E3B4C000764657461696C737400124C6A6176612F6C616E672F4F626A6563743B787000737200266A6176612E7574696C2E436F6C6C656374696F6E7324556E6D6F6469666961626C654C697374FC0F2531B5EC8E100200014C00046C6973747400104C6A6176612F7574696C2F4C6973743B7872002C6A6176612E7574696C2E436F6C6C656374696F6E7324556E6D6F6469666961626C65436F6C6C656374696F6E19420080CB5EF71E0200014C00016371007E00047870737200136A6176612E7574696C2E41727261794C6973747881D21D99C7619D03000149000473697A65787000000001770400000001737200426F72672E737072696E676672616D65776F726B2E73656375726974792E636F72652E617574686F726974792E53696D706C654772616E746564417574686F7269747900000000000001FE0200014C0004726F6C657400124C6A6176612F6C616E672F537472696E673B7870740011415554484F524954595F4D414E414745527871007E000C707372003A6F72672E737072696E676672616D65776F726B2E73656375726974792E6F61757468322E70726F76696465722E4F41757468325265717565737400000000000000010200075A0008617070726F7665644C000B617574686F72697469657371007E00044C000A657874656E73696F6E7374000F4C6A6176612F7574696C2F4D61703B4C000B726564697265637455726971007E000E4C00077265667265736874003B4C6F72672F737072696E676672616D65776F726B2F73656375726974792F6F61757468322F70726F76696465722F546F6B656E526571756573743B4C000B7265736F7572636549647374000F4C6A6176612F7574696C2F5365743B4C000D726573706F6E7365547970657371007E0014787200386F72672E737072696E676672616D65776F726B2E73656375726974792E6F61757468322E70726F76696465722E426173655265717565737436287A3EA37169BD0200034C0008636C69656E74496471007E000E4C001172657175657374506172616D657465727371007E00124C000573636F706571007E0014787074000B746573745F636C69656E74737200256A6176612E7574696C2E436F6C6C656374696F6E7324556E6D6F6469666961626C654D6170F1A5A8FE74F507420200014C00016D71007E00127870737200116A6176612E7574696C2E486173684D61700507DAC1C31660D103000246000A6C6F6164466163746F724900097468726573686F6C6478703F400000000000067708000000080000000474000A6772616E745F7479706574000870617373776F7264740009636C69656E745F696474000B746573745F636C69656E7474000573636F706574000472656164740008757365726E616D6574000B313836333131343232353878737200256A6176612E7574696C2E436F6C6C656374696F6E7324556E6D6F6469666961626C65536574801D92D18F9B80550200007871007E0009737200176A6176612E7574696C2E4C696E6B656448617368536574D86CD75A95DD2A1E020000787200116A6176612E7574696C2E48617368536574BA44859596B8B7340300007870770C000000103F4000000000000171007E002178017371007E0027770C000000103F40000000000000787371007E001A3F40000000000000770800000010000000007870737200396F72672E737072696E676672616D65776F726B2E73656375726974792E6F61757468322E70726F76696465722E546F6B656E52657175657374D62A84B8CF38F8010200014C00096772616E745479706571007E000E7871007E001574000B746573745F636C69656E747371007E00187371007E001A3F400000000000067708000000080000000474000D726566726573685F746F6B656E74019965794A68624763694F694A49557A49314E694973496E523563434936496B705856434A392E65794A316332567958326C6B496A6F694D5441774D444D774D4449324969776964584E6C636C39755957316C496A6F694D5467324D7A45784E4449794E5467694C434A7A593239775A53493657794A795A57466B496C3073496D39795A3246756158706864476C7662694936496A45344E6A4D784D5451794D6A55344969776959585270496A6F69556D513155546C47645445774F545535565852506346644D4C567054546B704D576B5276496977695A586877496A6F784E6A41784E4455334E6A49324C434A686458526F62334A7064476C6C6379493657794A425656524954314A4A56466C665455464F5155644655694A644C434A7164476B694F694A68534845304E444230553268744C55644B54577033617A424555584D30516C4671595467694C434A6A62476C6C626E5266615751694F694A305A584E3058324E736157567564434A392E6C687778335F6345536F37465145334E7948356262536170565A6630585A774F5172665348774765494A4974000D636C69656E745F73656372657474000B746573745F73656372657474000A6772616E745F7479706574000D726566726573685F746F6B656E740009636C69656E745F696471007E002D787371007E00247371007E0026770C000000103F400000000000007871007E00357371007E0027770C000000103F40000000000000787371007E0027770C000000103F40000000000000787372005B6F72672E737072696E676672616D65776F726B2E73656375726974792E7765622E61757468656E7469636174696F6E2E707265617574682E50726541757468656E7469636174656441757468656E7469636174696F6E546F6B656E00000000000001FE0200024C000B63726564656E7469616C7371007E00054C00097072696E636970616C71007E00057871007E0003017371007E00077371007E000B0000000177040000000171007E000F7871007E003E737200176A6176612E7574696C2E4C696E6B6564486173684D617034C04E5C106CC0FB0200015A000B6163636573734F726465727871007E001A3F4000000000000C7708000000100000000571007E001C71007E001D71007E002071007E002174000D636C69656E745F73656372657474000B746573745F73656372657471007E001E71007E001F71007E002271007E0023780074000073720022636F6D2E6C61676F752E6564752E6F617574682E656E746974792E557365724A77749CA6B839E2C78D1B0200014C0002696471007E000E787200326F72672E737072696E676672616D65776F726B2E73656375726974792E636F72652E7573657264657461696C732E5573657200000000000001FE0200075A00116163636F756E744E6F6E457870697265645A00106163636F756E744E6F6E4C6F636B65645A001563726564656E7469616C734E6F6E457870697265645A0007656E61626C65644C000B617574686F72697469657371007E00144C000870617373776F726471007E000E4C0008757365726E616D6571007E000E7870010101017371007E0024737200116A6176612E7574696C2E54726565536574DD98509395ED875B0300007870737200466F72672E737072696E676672616D65776F726B2E73656375726974792E636F72652E7573657264657461696C732E5573657224417574686F72697479436F6D70617261746F7200000000000001FE020000787077040000000171007E000F787074000B3138363331313432323538740009313030303330303236, 'dca130388fbd2eb9bf1531488c2e4a11');
INSERT INTO `oauth_access_token` VALUES ('ae03bca106a37eb66efd8021e83d593d', 0xACED0005737200436F72672E737072696E676672616D65776F726B2E73656375726974792E6F61757468322E636F6D6D6F6E2E44656661756C744F4175746832416363657373546F6B656E0CB29E361B24FACE0200064C00156164646974696F6E616C496E666F726D6174696F6E74000F4C6A6176612F7574696C2F4D61703B4C000A65787069726174696F6E7400104C6A6176612F7574696C2F446174653B4C000C72656672657368546F6B656E74003F4C6F72672F737072696E676672616D65776F726B2F73656375726974792F6F61757468322F636F6D6D6F6E2F4F417574683252656672657368546F6B656E3B4C000573636F706574000F4C6A6176612F7574696C2F5365743B4C0009746F6B656E547970657400124C6A6176612F6C616E672F537472696E673B4C000576616C756571007E00057870737200176A6176612E7574696C2E4C696E6B6564486173684D617034C04E5C106CC0FB0200015A000B6163636573734F72646572787200116A6176612E7574696C2E486173684D61700507DAC1C31660D103000246000A6C6F6164466163746F724900097468726573686F6C6478703F4000000000000677080000000800000003740007757365725F696474000931303030333030323474000C6F7267616E697A6174696F6E74000B31383633313134323235377400036A746974001B6B5F6463385066475831444874534F715332435774554B5459537378007372000E6A6176612E7574696C2E44617465686A81014B5974190300007870770800000174D8FC0241787372004C6F72672E737072696E676672616D65776F726B2E73656375726974792E6F61757468322E636F6D6D6F6E2E44656661756C744578706972696E674F417574683252656672657368546F6B656E2FDF47639DD0C9B70200014C000A65787069726174696F6E71007E0002787200446F72672E737072696E676672616D65776F726B2E73656375726974792E6F61757468322E636F6D6D6F6E2E44656661756C744F417574683252656672657368546F6B656E73E10E0A6354D45E0200014C000576616C756571007E000578707401CB65794A68624763694F694A49557A49314E694973496E523563434936496B705856434A392E65794A316332567958326C6B496A6F694D5441774D444D774D4449304969776964584E6C636C39755957316C496A6F694D5467324D7A45784E4449794E5463694C434A7A593239775A53493657794A795A57466B496C3073496D39795A3246756158706864476C7662694936496A45344E6A4D784D5451794D6A55334969776959585270496A6F696131396B597A68515A6B64594D55524964464E5063564D79513164305655745557564E7A496977695A586877496A6F784E6A41784E4455304D6A67794C434A686458526F62334A7064476C6C6379493657794A4454315653553056665455464F5155644655694973496C5654525649694C434A425656524954314A4A56466C665455464F5155644655694973496B464558303142546B46485256496958537769616E5270496A6F6957554D3565453878516B6C364D32567956584533556D317A533364335531706F4D6B733049697769593278705A57353058326C6B496A6F696447567A6446396A62476C6C626E516966512E776F4678433666723869576D4A46313661665379576D456E4E435F716F6372796F4A6B56566972647343597371007E0010770800000174DE1D16EC78737200256A6176612E7574696C2E436F6C6C656374696F6E7324556E6D6F6469666961626C65536574801D92D18F9B80550200007872002C6A6176612E7574696C2E436F6C6C656374696F6E7324556E6D6F6469666961626C65436F6C6C656374696F6E19420080CB5EF71E0200014C0001637400164C6A6176612F7574696C2F436F6C6C656374696F6E3B7870737200176A6176612E7574696C2E4C696E6B656448617368536574D86CD75A95DD2A1E020000787200116A6176612E7574696C2E48617368536574BA44859596B8B7340300007870770C000000103F40000000000001740004726561647874000662656172657274019B65794A68624763694F694A49557A49314E694973496E523563434936496B705856434A392E65794A316332567958326C6B496A6F694D5441774D444D774D4449304969776964584E6C636C39755957316C496A6F694D5467324D7A45784E4449794E5463694C434A7A593239775A53493657794A795A57466B496C3073496D39795A3246756158706864476C7662694936496A45344E6A4D784D5451794D6A5533496977695A586877496A6F784E6A41784D7A59344D6A49344C434A686458526F62334A7064476C6C6379493657794A4454315653553056665455464F5155644655694973496C5654525649694C434A425656524954314A4A56466C665455464F5155644655694973496B464558303142546B46485256496958537769616E5270496A6F696131396B597A68515A6B64594D55524964464E5063564D79513164305655745557564E7A49697769593278705A57353058326C6B496A6F696447567A6446396A62476C6C626E516966512E36656E66772D4E5178777A55596C646A68514A566F50577A6879634764595237494E5F6E4C6D52684F6A49, '769eca62698c6ccdab9306cfaaf761e5', '18631142257', 'test_client', 0xACED0005737200416F72672E737072696E676672616D65776F726B2E73656375726974792E6F61757468322E70726F76696465722E4F417574683241757468656E7469636174696F6EBD400B02166252130200024C000D73746F7265645265717565737474003C4C6F72672F737072696E676672616D65776F726B2F73656375726974792F6F61757468322F70726F76696465722F4F4175746832526571756573743B4C00127573657241757468656E7469636174696F6E7400324C6F72672F737072696E676672616D65776F726B2F73656375726974792F636F72652F41757468656E7469636174696F6E3B787200476F72672E737072696E676672616D65776F726B2E73656375726974792E61757468656E7469636174696F6E2E416273747261637441757468656E7469636174696F6E546F6B656ED3AA287E6E47640E0200035A000D61757468656E746963617465644C000B617574686F7269746965737400164C6A6176612F7574696C2F436F6C6C656374696F6E3B4C000764657461696C737400124C6A6176612F6C616E672F4F626A6563743B787000737200266A6176612E7574696C2E436F6C6C656374696F6E7324556E6D6F6469666961626C654C697374FC0F2531B5EC8E100200014C00046C6973747400104C6A6176612F7574696C2F4C6973743B7872002C6A6176612E7574696C2E436F6C6C656374696F6E7324556E6D6F6469666961626C65436F6C6C656374696F6E19420080CB5EF71E0200014C00016371007E00047870737200136A6176612E7574696C2E41727261794C6973747881D21D99C7619D03000149000473697A65787000000004770400000004737200426F72672E737072696E676672616D65776F726B2E73656375726974792E636F72652E617574686F726974792E53696D706C654772616E746564417574686F7269747900000000000001FE0200014C0004726F6C657400124C6A6176612F6C616E672F537472696E673B787074000A41445F4D414E414745527371007E000D740011415554484F524954595F4D414E414745527371007E000D74000E434F555253455F4D414E414745527371007E000D740004555345527871007E000C707372003A6F72672E737072696E676672616D65776F726B2E73656375726974792E6F61757468322E70726F76696465722E4F41757468325265717565737400000000000000010200075A0008617070726F7665644C000B617574686F72697469657371007E00044C000A657874656E73696F6E7374000F4C6A6176612F7574696C2F4D61703B4C000B726564697265637455726971007E000E4C00077265667265736874003B4C6F72672F737072696E676672616D65776F726B2F73656375726974792F6F61757468322F70726F76696465722F546F6B656E526571756573743B4C000B7265736F7572636549647374000F4C6A6176612F7574696C2F5365743B4C000D726573706F6E7365547970657371007E001A787200386F72672E737072696E676672616D65776F726B2E73656375726974792E6F61757468322E70726F76696465722E426173655265717565737436287A3EA37169BD0200034C0008636C69656E74496471007E000E4C001172657175657374506172616D657465727371007E00184C000573636F706571007E001A787074000B746573745F636C69656E74737200256A6176612E7574696C2E436F6C6C656374696F6E7324556E6D6F6469666961626C654D6170F1A5A8FE74F507420200014C00016D71007E00187870737200116A6176612E7574696C2E486173684D61700507DAC1C31660D103000246000A6C6F6164466163746F724900097468726573686F6C6478703F400000000000067708000000080000000474000A6772616E745F7479706574000870617373776F7264740009636C69656E745F696474000B746573745F636C69656E7474000573636F706574000472656164740008757365726E616D6574000B313836333131343232353778737200256A6176612E7574696C2E436F6C6C656374696F6E7324556E6D6F6469666961626C65536574801D92D18F9B80550200007871007E0009737200176A6176612E7574696C2E4C696E6B656448617368536574D86CD75A95DD2A1E020000787200116A6176612E7574696C2E48617368536574BA44859596B8B7340300007870770C000000103F4000000000000171007E002778017371007E002D770C000000103F40000000000000787371007E00203F40000000000000770800000010000000007870707371007E002D770C000000103F40000000000000787371007E002D770C000000103F40000000000000787372004F6F72672E737072696E676672616D65776F726B2E73656375726974792E61757468656E7469636174696F6E2E557365726E616D6550617373776F726441757468656E7469636174696F6E546F6B656E00000000000001FE0200024C000B63726564656E7469616C7371007E00054C00097072696E636970616C71007E00057871007E0003017371007E00077371007E000B0000000477040000000471007E000F71007E001171007E001371007E00157871007E0036737200176A6176612E7574696C2E4C696E6B6564486173684D617034C04E5C106CC0FB0200015A000B6163636573734F726465727871007E00203F4000000000000C7708000000100000000571007E002271007E002371007E002671007E002774000D636C69656E745F73656372657474000B746573745F73656372657471007E002471007E002571007E002871007E002978007073720022636F6D2E6C61676F752E6564752E6F617574682E656E746974792E557365724A77749CA6B839E2C78D1B0200014C0002696471007E000E787200326F72672E737072696E676672616D65776F726B2E73656375726974792E636F72652E7573657264657461696C732E5573657200000000000001FE0200075A00116163636F756E744E6F6E457870697265645A00106163636F756E744E6F6E4C6F636B65645A001563726564656E7469616C734E6F6E457870697265645A0007656E61626C65644C000B617574686F72697469657371007E001A4C000870617373776F726471007E000E4C0008757365726E616D6571007E000E7870010101017371007E002A737200116A6176612E7574696C2E54726565536574DD98509395ED875B0300007870737200466F72672E737072696E676672616D65776F726B2E73656375726974792E636F72652E7573657264657461696C732E5573657224417574686F72697479436F6D70617261746F7200000000000001FE020000787077040000000471007E000F71007E001171007E001371007E0015787074000B3138363331313432323537740009313030303330303234, 'd8ebda8a99be6fe3c1786a5ec9558709');
INSERT INTO `oauth_access_token` VALUES ('ac97d94de057b9b6339666398f937880', 0xACED0005737200436F72672E737072696E676672616D65776F726B2E73656375726974792E6F61757468322E636F6D6D6F6E2E44656661756C744F4175746832416363657373546F6B656E0CB29E361B24FACE0200064C00156164646974696F6E616C496E666F726D6174696F6E74000F4C6A6176612F7574696C2F4D61703B4C000A65787069726174696F6E7400104C6A6176612F7574696C2F446174653B4C000C72656672657368546F6B656E74003F4C6F72672F737072696E676672616D65776F726B2F73656375726974792F6F61757468322F636F6D6D6F6E2F4F417574683252656672657368546F6B656E3B4C000573636F706574000F4C6A6176612F7574696C2F5365743B4C0009746F6B656E547970657400124C6A6176612F6C616E672F537472696E673B4C000576616C756571007E00057870737200176A6176612E7574696C2E4C696E6B6564486173684D617034C04E5C106CC0FB0200015A000B6163636573734F72646572787200116A6176612E7574696C2E486173684D61700507DAC1C31660D103000246000A6C6F6164466163746F724900097468726573686F6C6478703F4000000000000677080000000800000003740007757365725F696474000931303030333030313674000C6F7267616E697A6174696F6E74000B31353531303739323939357400036A746974001B64674F4576635275566A44647A78463968384E413041376E57554578007372000E6A6176612E7574696C2E44617465686A81014B5974190300007870770800000174D95A0042787372004C6F72672E737072696E676672616D65776F726B2E73656375726974792E6F61757468322E636F6D6D6F6E2E44656661756C744578706972696E674F417574683252656672657368546F6B656E2FDF47639DD0C9B70200014C000A65787069726174696F6E71007E0002787200446F72672E737072696E676672616D65776F726B2E73656375726974792E6F61757468322E636F6D6D6F6E2E44656661756C744F417574683252656672657368546F6B656E73E10E0A6354D45E0200014C000576616C756571007E0005787074016965794A68624763694F694A49557A49314E694973496E523563434936496B705856434A392E65794A316332567958326C6B496A6F694D5441774D444D774D4445324969776964584E6C636C39755957316C496A6F694D5455314D5441334F5449354F5455694C434A7A593239775A53493657794A795A57466B496C3073496D39795A3246756158706864476C7662694936496A45314E5445774E7A6B794F546B314969776959585270496A6F695A47645052585A6A556E5657616B526B656E68474F576734546B45775154647556315646496977695A586877496A6F784E6A41784E4463314D5467344C434A7164476B694F694A6863465A666545747055585A504D336859596A5178613070595657684962316378556A67694C434A6A62476C6C626E5266615751694F694A305A584E3058324E736157567564434A392E6E4645414E68345A6D61337749307A4A72733766444B4C465250797874524748484131716F30574D7737307371007E0010770800000174DF5C164178737200256A6176612E7574696C2E436F6C6C656374696F6E7324556E6D6F6469666961626C65536574801D92D18F9B80550200007872002C6A6176612E7574696C2E436F6C6C656374696F6E7324556E6D6F6469666961626C65436F6C6C656374696F6E19420080CB5EF71E0200014C0001637400164C6A6176612F7574696C2F436F6C6C656374696F6E3B7870737200176A6176612E7574696C2E4C696E6B656448617368536574D86CD75A95DD2A1E020000787200116A6176612E7574696C2E48617368536574BA44859596B8B7340300007870770C000000103F40000000000001740004726561647874000662656172657274013965794A68624763694F694A49557A49314E694973496E523563434936496B705856434A392E65794A316332567958326C6B496A6F694D5441774D444D774D4445324969776964584E6C636C39755957316C496A6F694D5455314D5441334F5449354F5455694C434A7A593239775A53493657794A795A57466B496C3073496D39795A3246756158706864476C7662694936496A45314E5445774E7A6B794F546B31496977695A586877496A6F784E6A41784D7A63304D7A67344C434A7164476B694F694A6B5A303946646D4E5364565A7152475236654559356144684F515442424E323558565555694C434A6A62476C6C626E5266615751694F694A305A584E3058324E736157567564434A392E497A45564B2D654A34326949693564595F4251624768576D32636E72716750686378314354573148673759, 'fb696d66089f42155ba91b4b33e5c4fe', '15510792995', 'test_client', 0xACED0005737200416F72672E737072696E676672616D65776F726B2E73656375726974792E6F61757468322E70726F76696465722E4F417574683241757468656E7469636174696F6EBD400B02166252130200024C000D73746F7265645265717565737474003C4C6F72672F737072696E676672616D65776F726B2F73656375726974792F6F61757468322F70726F76696465722F4F4175746832526571756573743B4C00127573657241757468656E7469636174696F6E7400324C6F72672F737072696E676672616D65776F726B2F73656375726974792F636F72652F41757468656E7469636174696F6E3B787200476F72672E737072696E676672616D65776F726B2E73656375726974792E61757468656E7469636174696F6E2E416273747261637441757468656E7469636174696F6E546F6B656ED3AA287E6E47640E0200035A000D61757468656E746963617465644C000B617574686F7269746965737400164C6A6176612F7574696C2F436F6C6C656374696F6E3B4C000764657461696C737400124C6A6176612F6C616E672F4F626A6563743B787000737200266A6176612E7574696C2E436F6C6C656374696F6E7324556E6D6F6469666961626C654C697374FC0F2531B5EC8E100200014C00046C6973747400104C6A6176612F7574696C2F4C6973743B7872002C6A6176612E7574696C2E436F6C6C656374696F6E7324556E6D6F6469666961626C65436F6C6C656374696F6E19420080CB5EF71E0200014C00016371007E00047870737200136A6176612E7574696C2E41727261794C6973747881D21D99C7619D03000149000473697A657870000000007704000000007871007E000C707372003A6F72672E737072696E676672616D65776F726B2E73656375726974792E6F61757468322E70726F76696465722E4F41757468325265717565737400000000000000010200075A0008617070726F7665644C000B617574686F72697469657371007E00044C000A657874656E73696F6E7374000F4C6A6176612F7574696C2F4D61703B4C000B72656469726563745572697400124C6A6176612F6C616E672F537472696E673B4C00077265667265736874003B4C6F72672F737072696E676672616D65776F726B2F73656375726974792F6F61757468322F70726F76696465722F546F6B656E526571756573743B4C000B7265736F7572636549647374000F4C6A6176612F7574696C2F5365743B4C000D726573706F6E7365547970657371007E0011787200386F72672E737072696E676672616D65776F726B2E73656375726974792E6F61757468322E70726F76696465722E426173655265717565737436287A3EA37169BD0200034C0008636C69656E74496471007E000F4C001172657175657374506172616D657465727371007E000E4C000573636F706571007E0011787074000B746573745F636C69656E74737200256A6176612E7574696C2E436F6C6C656374696F6E7324556E6D6F6469666961626C654D6170F1A5A8FE74F507420200014C00016D71007E000E7870737200116A6176612E7574696C2E486173684D61700507DAC1C31660D103000246000A6C6F6164466163746F724900097468726573686F6C6478703F400000000000067708000000080000000474000A6772616E745F7479706574000870617373776F7264740009636C69656E745F696474000B746573745F636C69656E7474000573636F706574000472656164740008757365726E616D6574000B313535313037393239393578737200256A6176612E7574696C2E436F6C6C656374696F6E7324556E6D6F6469666961626C65536574801D92D18F9B80550200007871007E0009737200176A6176612E7574696C2E4C696E6B656448617368536574D86CD75A95DD2A1E020000787200116A6176612E7574696C2E48617368536574BA44859596B8B7340300007870770C000000103F4000000000000171007E001E78017371007E0024770C000000103F40000000000000787371007E00173F40000000000000770800000010000000007870707371007E0024770C000000103F40000000000000787371007E0024770C000000103F40000000000000787372004F6F72672E737072696E676672616D65776F726B2E73656375726974792E61757468656E7469636174696F6E2E557365726E616D6550617373776F726441757468656E7469636174696F6E546F6B656E00000000000001FE0200024C000B63726564656E7469616C7371007E00054C00097072696E636970616C71007E00057871007E0003017371007E00077371007E000B000000007704000000007871007E002D737200176A6176612E7574696C2E4C696E6B6564486173684D617034C04E5C106CC0FB0200015A000B6163636573734F726465727871007E00173F4000000000000C7708000000100000000571007E001971007E001A71007E001D71007E001E74000D636C69656E745F73656372657474000B746573745F73656372657471007E001B71007E001C71007E001F71007E002078007073720022636F6D2E6C61676F752E6564752E6F617574682E656E746974792E557365724A77749CA6B839E2C78D1B0200014C0002696471007E000F787200326F72672E737072696E676672616D65776F726B2E73656375726974792E636F72652E7573657264657461696C732E5573657200000000000001FE0200075A00116163636F756E744E6F6E457870697265645A00106163636F756E744E6F6E4C6F636B65645A001563726564656E7469616C734E6F6E457870697265645A0007656E61626C65644C000B617574686F72697469657371007E00114C000870617373776F726471007E000F4C0008757365726E616D6571007E000F7870010101017371007E0021737200116A6176612E7574696C2E54726565536574DD98509395ED875B0300007870737200466F72672E737072696E676672616D65776F726B2E73656375726974792E636F72652E7573657264657461696C732E5573657224417574686F72697479436F6D70617261746F7200000000000001FE0200007870770400000000787074000B3135353130373932393935740009313030303330303136, 'a31fdc311cfee5540793172c701316f6');
INSERT INTO `oauth_access_token` VALUES ('b1771d672328eb62ce3ed14aa4560342', 0xACED0005737200436F72672E737072696E676672616D65776F726B2E73656375726974792E6F61757468322E636F6D6D6F6E2E44656661756C744F4175746832416363657373546F6B656E0CB29E361B24FACE0200064C00156164646974696F6E616C496E666F726D6174696F6E74000F4C6A6176612F7574696C2F4D61703B4C000A65787069726174696F6E7400104C6A6176612F7574696C2F446174653B4C000C72656672657368546F6B656E74003F4C6F72672F737072696E676672616D65776F726B2F73656375726974792F6F61757468322F636F6D6D6F6E2F4F417574683252656672657368546F6B656E3B4C000573636F706574000F4C6A6176612F7574696C2F5365743B4C0009746F6B656E547970657400124C6A6176612F6C616E672F537472696E673B4C000576616C756571007E00057870737200176A6176612E7574696C2E4C696E6B6564486173684D617034C04E5C106CC0FB0200015A000B6163636573734F72646572787200116A6176612E7574696C2E486173684D61700507DAC1C31660D103000246000A6C6F6164466163746F724900097468726573686F6C6478703F4000000000000677080000000800000003740007757365725F696474000931303030333030313974000C6F7267616E697A6174696F6E74000B31383230313238383737317400036A746974001B6956544C3448336F496C505A6777765F79555534437A543250544978007372000E6A6176612E7574696C2E44617465686A81014B5974190300007870770800000174DD114C0D787372004C6F72672E737072696E676672616D65776F726B2E73656375726974792E6F61757468322E636F6D6D6F6E2E44656661756C744578706972696E674F417574683252656672657368546F6B656E2FDF47639DD0C9B70200014C000A65787069726174696F6E71007E0002787200446F72672E737072696E676672616D65776F726B2E73656375726974792E6F61757468322E636F6D6D6F6E2E44656661756C744F417574683252656672657368546F6B656E73E10E0A6354D45E0200014C000576616C756571007E000578707401CB65794A68624763694F694A49557A49314E694973496E523563434936496B705856434A392E65794A316332567958326C6B496A6F694D5441774D444D774D4445354969776964584E6C636C39755957316C496A6F694D5467794D4445794F4467334E7A45694C434A7A593239775A53493657794A795A57466B496C3073496D39795A3246756158706864476C7662694936496A45344D6A41784D6A67344E7A63784969776959585270496A6F6961565A55544452494D32394A624642615A33643258336C5656545244656C51795546524A496977695A586877496A6F784E6A41784E544D334E544D794C434A686458526F62334A7064476C6C6379493657794A4454315653553056665455464F5155644655694973496C5654525649694C434A425656524954314A4A56466C665455464F5155644655694973496B464558303142546B46485256496958537769616E5270496A6F6961576454513049785431706F6455563364586C7555465A4B643151775432685355465A7649697769593278705A57353058326C6B496A6F696447567A6446396A62476C6C626E516966512E6F467357652D68456E665F7367386349306A30494B3876667042676353486C563564516C416D4A596D65777371007E0010770800000174E313620C78737200256A6176612E7574696C2E436F6C6C656374696F6E7324556E6D6F6469666961626C65536574801D92D18F9B80550200007872002C6A6176612E7574696C2E436F6C6C656374696F6E7324556E6D6F6469666961626C65436F6C6C656374696F6E19420080CB5EF71E0200014C0001637400164C6A6176612F7574696C2F436F6C6C656374696F6E3B7870737200176A6176612E7574696C2E4C696E6B656448617368536574D86CD75A95DD2A1E020000787200116A6176612E7574696C2E48617368536574BA44859596B8B7340300007870770C000000103F40000000000001740004726561647874000662656172657274019B65794A68624763694F694A49557A49314E694973496E523563434936496B705856434A392E65794A316332567958326C6B496A6F694D5441774D444D774D4445354969776964584E6C636C39755957316C496A6F694D5467794D4445794F4467334E7A45694C434A7A593239775A53493657794A795A57466B496C3073496D39795A3246756158706864476C7662694936496A45344D6A41784D6A67344E7A6378496977695A586877496A6F784E6A41784E444D324E7A4D794C434A686458526F62334A7064476C6C6379493657794A4454315653553056665455464F5155644655694973496C5654525649694C434A425656524954314A4A56466C665455464F5155644655694973496B464558303142546B46485256496958537769616E5270496A6F6961565A55544452494D32394A624642615A33643258336C5656545244656C51795546524A49697769593278705A57353058326C6B496A6F696447567A6446396A62476C6C626E516966512E46774B585356344976634A706150445445566241644E734B6D4F466A5779464C6273447773777633303230, '66a409d4f1f648976c24589dfe18f0e4', '18201288771', 'test_client', 0xACED0005737200416F72672E737072696E676672616D65776F726B2E73656375726974792E6F61757468322E70726F76696465722E4F417574683241757468656E7469636174696F6EBD400B02166252130200024C000D73746F7265645265717565737474003C4C6F72672F737072696E676672616D65776F726B2F73656375726974792F6F61757468322F70726F76696465722F4F4175746832526571756573743B4C00127573657241757468656E7469636174696F6E7400324C6F72672F737072696E676672616D65776F726B2F73656375726974792F636F72652F41757468656E7469636174696F6E3B787200476F72672E737072696E676672616D65776F726B2E73656375726974792E61757468656E7469636174696F6E2E416273747261637441757468656E7469636174696F6E546F6B656ED3AA287E6E47640E0200035A000D61757468656E746963617465644C000B617574686F7269746965737400164C6A6176612F7574696C2F436F6C6C656374696F6E3B4C000764657461696C737400124C6A6176612F6C616E672F4F626A6563743B787000737200266A6176612E7574696C2E436F6C6C656374696F6E7324556E6D6F6469666961626C654C697374FC0F2531B5EC8E100200014C00046C6973747400104C6A6176612F7574696C2F4C6973743B7872002C6A6176612E7574696C2E436F6C6C656374696F6E7324556E6D6F6469666961626C65436F6C6C656374696F6E19420080CB5EF71E0200014C00016371007E00047870737200136A6176612E7574696C2E41727261794C6973747881D21D99C7619D03000149000473697A65787000000004770400000004737200426F72672E737072696E676672616D65776F726B2E73656375726974792E636F72652E617574686F726974792E53696D706C654772616E746564417574686F7269747900000000000001FE0200014C0004726F6C657400124C6A6176612F6C616E672F537472696E673B787074000A41445F4D414E414745527371007E000D740011415554484F524954595F4D414E414745527371007E000D74000E434F555253455F4D414E414745527371007E000D740004555345527871007E000C707372003A6F72672E737072696E676672616D65776F726B2E73656375726974792E6F61757468322E70726F76696465722E4F41757468325265717565737400000000000000010200075A0008617070726F7665644C000B617574686F72697469657371007E00044C000A657874656E73696F6E7374000F4C6A6176612F7574696C2F4D61703B4C000B726564697265637455726971007E000E4C00077265667265736874003B4C6F72672F737072696E676672616D65776F726B2F73656375726974792F6F61757468322F70726F76696465722F546F6B656E526571756573743B4C000B7265736F7572636549647374000F4C6A6176612F7574696C2F5365743B4C000D726573706F6E7365547970657371007E001A787200386F72672E737072696E676672616D65776F726B2E73656375726974792E6F61757468322E70726F76696465722E426173655265717565737436287A3EA37169BD0200034C0008636C69656E74496471007E000E4C001172657175657374506172616D657465727371007E00184C000573636F706571007E001A787074000B746573745F636C69656E74737200256A6176612E7574696C2E436F6C6C656374696F6E7324556E6D6F6469666961626C654D6170F1A5A8FE74F507420200014C00016D71007E00187870737200116A6176612E7574696C2E486173684D61700507DAC1C31660D103000246000A6C6F6164466163746F724900097468726573686F6C6478703F400000000000067708000000080000000474000A6772616E745F7479706574000870617373776F7264740009636C69656E745F696474000B746573745F636C69656E7474000573636F706574000472656164740008757365726E616D6574000B313832303132383837373178737200256A6176612E7574696C2E436F6C6C656374696F6E7324556E6D6F6469666961626C65536574801D92D18F9B80550200007871007E0009737200176A6176612E7574696C2E4C696E6B656448617368536574D86CD75A95DD2A1E020000787200116A6176612E7574696C2E48617368536574BA44859596B8B7340300007870770C000000103F4000000000000171007E002778017371007E002D770C000000103F40000000000000787371007E00203F40000000000000770800000010000000007870737200396F72672E737072696E676672616D65776F726B2E73656375726974792E6F61757468322E70726F76696465722E546F6B656E52657175657374D62A84B8CF38F8010200014C00096772616E745479706571007E000E7871007E001B74000B746573745F636C69656E747371007E001E7371007E00203F400000000000067708000000080000000474000D726566726573685F746F6B656E7401CB65794A68624763694F694A49557A49314E694973496E523563434936496B705856434A392E65794A316332567958326C6B496A6F694D5441774D444D774D4445354969776964584E6C636C39755957316C496A6F694D5467794D4445794F4467334E7A45694C434A7A593239775A53493657794A795A57466B496C3073496D39795A3246756158706864476C7662694936496A45344D6A41784D6A67344E7A63784969776959585270496A6F6957555A6E576A6852655577795347565057456873554556565832526A536B39485257744A496977695A586877496A6F784E6A41784E4463794E54457A4C434A686458526F62334A7064476C6C6379493657794A4454315653553056665455464F5155644655694973496C5654525649694C434A425656524954314A4A56466C665455464F5155644655694973496B464558303142546B46485256496958537769616E5270496A6F696154464655554E4F52445643574767745656523464484A756244463252556C424E45457749697769593278705A57353058326C6B496A6F696447567A6446396A62476C6C626E516966512E3348325A576C373434625768506A6447744D4167466A584B6F446C796549573732416E586F51713770363474000D636C69656E745F73656372657474000B746573745F73656372657474000A6772616E745F7479706574000D726566726573685F746F6B656E740009636C69656E745F696471007E0033787371007E002A7371007E002C770C000000103F400000000000007871007E003B7371007E002D770C000000103F40000000000000787371007E002D770C000000103F40000000000000787372005B6F72672E737072696E676672616D65776F726B2E73656375726974792E7765622E61757468656E7469636174696F6E2E707265617574682E50726541757468656E7469636174656441757468656E7469636174696F6E546F6B656E00000000000001FE0200024C000B63726564656E7469616C7371007E00054C00097072696E636970616C71007E00057871007E0003017371007E00077371007E000B0000000477040000000471007E000F71007E001171007E001371007E00157871007E0044737200176A6176612E7574696C2E4C696E6B6564486173684D617034C04E5C106CC0FB0200015A000B6163636573734F726465727871007E00203F4000000000000C7708000000100000000571007E002271007E002371007E002671007E002774000D636C69656E745F73656372657474000B746573745F73656372657471007E002471007E002571007E002871007E0029780074000073720022636F6D2E6C61676F752E6564752E6F617574682E656E746974792E557365724A77749CA6B839E2C78D1B0200014C0002696471007E000E787200326F72672E737072696E676672616D65776F726B2E73656375726974792E636F72652E7573657264657461696C732E5573657200000000000001FE0200075A00116163636F756E744E6F6E457870697265645A00106163636F756E744E6F6E4C6F636B65645A001563726564656E7469616C734E6F6E457870697265645A0007656E61626C65644C000B617574686F72697469657371007E001A4C000870617373776F726471007E000E4C0008757365726E616D6571007E000E7870010101017371007E002A737200116A6176612E7574696C2E54726565536574DD98509395ED875B0300007870737200466F72672E737072696E676672616D65776F726B2E73656375726974792E636F72652E7573657264657461696C732E5573657224417574686F72697479436F6D70617261746F7200000000000001FE020000787077040000000471007E000F71007E001171007E001371007E0015787074000B3138323031323838373731740009313030303330303139, 'f91ba34325ea5b15f84a24ee4ab4f1ae');

-- ----------------------------
-- Table structure for oauth_approvals
-- ----------------------------
DROP TABLE IF EXISTS `oauth_approvals`;
CREATE TABLE `oauth_approvals`  (
  `userid` varchar(256) CHARACTER SET utf8mb4 COLLATE utf8mb4_general_ci NULL DEFAULT NULL COMMENT '登录的用户名',
  `clientid` varchar(256) CHARACTER SET utf8mb4 COLLATE utf8mb4_general_ci NULL DEFAULT NULL COMMENT '客户端ID',
  `scope` varchar(256) CHARACTER SET utf8mb4 COLLATE utf8mb4_general_ci NULL DEFAULT NULL COMMENT '申请的权限',
  `status` varchar(10) CHARACTER SET utf8mb4 COLLATE utf8mb4_general_ci NULL DEFAULT NULL COMMENT '状态（Approve或Deny）',
  `expiresat` datetime NULL DEFAULT NULL COMMENT '过期时间',
  `lastmodifiedat` datetime NULL DEFAULT NULL COMMENT '最终修改时间'
) ENGINE = InnoDB CHARACTER SET = utf8mb4 COLLATE = utf8mb4_general_ci COMMENT = '授权记录表' ROW_FORMAT = DYNAMIC;

-- ----------------------------
-- Records of oauth_approvals
-- ----------------------------

-- ----------------------------
-- Table structure for oauth_client_details
-- ----------------------------
DROP TABLE IF EXISTS `oauth_client_details`;
CREATE TABLE `oauth_client_details`  (
  `client_id` varchar(256) CHARACTER SET utf8mb4 COLLATE utf8mb4_general_ci NULL DEFAULT NULL COMMENT '客户端ID',
  `resource_ids` varchar(256) CHARACTER SET utf8mb4 COLLATE utf8mb4_general_ci NULL DEFAULT NULL COMMENT '资源ID集合,多个资源时用逗号(,)分隔',
  `client_secret` varchar(256) CHARACTER SET utf8mb4 COLLATE utf8mb4_general_ci NULL DEFAULT NULL COMMENT '客户端密匙',
  `scope` varchar(256) CHARACTER SET utf8mb4 COLLATE utf8mb4_general_ci NULL DEFAULT NULL COMMENT '客户端申请的权限范围',
  `authorized_grant_types` varchar(256) CHARACTER SET utf8mb4 COLLATE utf8mb4_general_ci NULL DEFAULT NULL COMMENT '客户端支持的grant_type',
  `web_server_redirect_uri` varchar(256) CHARACTER SET utf8mb4 COLLATE utf8mb4_general_ci NULL DEFAULT NULL COMMENT '重定向URI',
  `authorities` varchar(256) CHARACTER SET utf8mb4 COLLATE utf8mb4_general_ci NULL DEFAULT NULL COMMENT '客户端所拥有的Spring Security的权限值，多个用逗号(,)分隔',
  `access_token_validity` int(11) NULL DEFAULT NULL COMMENT '访问令牌有效时间值(单位:秒)',
  `refresh_token_validity` int(11) NULL DEFAULT NULL COMMENT '更新令牌有效时间值(单位:秒)',
  `additional_information` varchar(4096) CHARACTER SET utf8mb4 COLLATE utf8mb4_general_ci NULL DEFAULT NULL COMMENT '预留字段',
  `autoapprove` varchar(256) CHARACTER SET utf8mb4 COLLATE utf8mb4_general_ci NULL DEFAULT NULL COMMENT '用户是否自动Approval操作'
) ENGINE = InnoDB CHARACTER SET = utf8mb4 COLLATE = utf8mb4_general_ci COMMENT = '客户端信息' ROW_FORMAT = DYNAMIC;

-- ----------------------------
-- Records of oauth_client_details
-- ----------------------------
INSERT INTO `oauth_client_details` VALUES ('client_lagou', '', 'abcxyz', 'all', 'password,refresh_token', NULL, NULL, NULL, NULL, NULL, NULL);
INSERT INTO `oauth_client_details` VALUES (NULL, NULL, NULL, NULL, NULL, NULL, NULL, NULL, NULL, NULL, NULL);
INSERT INTO `oauth_client_details` VALUES (NULL, NULL, NULL, NULL, NULL, NULL, NULL, NULL, NULL, NULL, NULL);

-- ----------------------------
-- Table structure for oauth_client_token
-- ----------------------------
DROP TABLE IF EXISTS `oauth_client_token`;
CREATE TABLE `oauth_client_token`  (
  `token_id` varchar(256) CHARACTER SET utf8mb4 COLLATE utf8mb4_general_ci NULL DEFAULT NULL COMMENT 'MD5加密的access_token值',
  `token` blob NULL COMMENT 'OAuth2AccessToken.java对象序列化后的二进制数据',
  `authentication_id` varchar(256) CHARACTER SET utf8mb4 COLLATE utf8mb4_general_ci NULL DEFAULT NULL COMMENT 'MD5加密过的username,client_id,scope',
  `user_name` varchar(256) CHARACTER SET utf8mb4 COLLATE utf8mb4_general_ci NULL DEFAULT NULL COMMENT '登录的用户名',
  `client_id` varchar(256) CHARACTER SET utf8mb4 COLLATE utf8mb4_general_ci NULL DEFAULT NULL COMMENT '客户端ID'
) ENGINE = InnoDB CHARACTER SET = utf8mb4 COLLATE = utf8mb4_general_ci COMMENT = '客户端授权令牌表' ROW_FORMAT = DYNAMIC;

-- ----------------------------
-- Records of oauth_client_token
-- ----------------------------

-- ----------------------------
-- Table structure for oauth_code
-- ----------------------------
DROP TABLE IF EXISTS `oauth_code`;
CREATE TABLE `oauth_code`  (
  `code` varchar(256) CHARACTER SET utf8mb4 COLLATE utf8mb4_general_ci NULL DEFAULT NULL COMMENT '授权码(未加密)',
  `authentication` blob NULL COMMENT 'AuthorizationRequestHolder.java对象序列化后的二进制数据'
) ENGINE = InnoDB CHARACTER SET = utf8mb4 COLLATE = utf8mb4_general_ci COMMENT = '授权码表' ROW_FORMAT = DYNAMIC;

-- ----------------------------
-- Records of oauth_code
-- ----------------------------

-- ----------------------------
-- Table structure for oauth_refresh_token
-- ----------------------------
DROP TABLE IF EXISTS `oauth_refresh_token`;
CREATE TABLE `oauth_refresh_token`  (
  `token_id` varchar(256) CHARACTER SET utf8mb4 COLLATE utf8mb4_general_ci NULL DEFAULT NULL COMMENT 'MD5加密过的refresh_token的值',
  `token` blob NULL COMMENT 'OAuth2RefreshToken.java对象序列化后的二进制数据',
  `authentication` blob NULL COMMENT 'OAuth2Authentication.java对象序列化后的二进制数据'
) ENGINE = InnoDB CHARACTER SET = utf8mb4 COLLATE = utf8mb4_general_ci COMMENT = '更新令牌表' ROW_FORMAT = DYNAMIC;

-- ----------------------------
-- Records of oauth_refresh_token
-- ----------------------------

-- ----------------------------
-- Table structure for resource
-- ----------------------------
DROP TABLE IF EXISTS `resource`;
CREATE TABLE `resource`  (
  `id` int(11) NOT NULL AUTO_INCREMENT COMMENT '资源id',
  `name` varchar(200) CHARACTER SET utf8mb4 COLLATE utf8mb4_general_ci NOT NULL COMMENT '资源名称',
  `url` varchar(200) CHARACTER SET utf8mb4 COLLATE utf8mb4_general_ci NOT NULL COMMENT '资源url',
  `category_id` int(11) NULL DEFAULT NULL COMMENT '分类id',
  `description` varchar(500) CHARACTER SET utf8mb4 COLLATE utf8mb4_general_ci NULL DEFAULT NULL COMMENT '简介',
  `created_time` datetime NOT NULL COMMENT '创建时间',
  `updated_time` datetime NOT NULL COMMENT '更新时间',
  `created_by` varchar(100) CHARACTER SET utf8mb4 COLLATE utf8mb4_general_ci NOT NULL COMMENT '创建人',
  `updated_by` varchar(100) CHARACTER SET utf8mb4 COLLATE utf8mb4_general_ci NOT NULL COMMENT '更新人',
  PRIMARY KEY (`id`) USING BTREE,
  INDEX `idx_category_id`(`category_id`) USING BTREE
) ENGINE = InnoDB AUTO_INCREMENT = 53 CHARACTER SET = utf8mb4 COLLATE = utf8mb4_general_ci COMMENT = '资源表' ROW_FORMAT = DYNAMIC;

-- ----------------------------
-- Records of resource
-- ----------------------------
INSERT INTO `resource` VALUES (1, '获取所有角色', '/boss/role/all', 1, '获取所有角色', '2020-07-20 15:41:57', '2020-07-20 15:41:57', 'system', 'system');
INSERT INTO `resource` VALUES (2, '给用户分配角色', '/boss/role/allocateUserRoles', 1, '给用户分配角色', '2020-07-20 15:41:57', '2020-07-20 15:41:57', 'system', 'system');
INSERT INTO `resource` VALUES (3, '按条件查询角色', '/boss/role/getRolePages', 1, '按条件查询角色', '2020-07-20 15:41:57', '2020-07-20 15:41:57', 'system', 'system');
INSERT INTO `resource` VALUES (4, '列出所有角色并标记用户是否拥有', '/boss/role/getRolesWithUserPermission', 1, '列出所有角色并标记用户是否拥有', '2020-07-20 15:41:57', '2020-07-20 15:41:57', 'system', 'system');
INSERT INTO `resource` VALUES (5, '保存或者更新角色', '/boss/role/saveOrUpdate', 1, '保存或者更新角色', '2020-07-20 15:41:57', '2020-07-20 15:41:57', 'system', 'system');
INSERT INTO `resource` VALUES (6, '查询用户角色', '/boss/role/user/{userId}', 1, '查询用户角色', '2020-07-20 15:41:57', '2020-07-20 15:41:57', 'system', 'system');
INSERT INTO `resource` VALUES (7, '获取角色', '/boss/role/{id}', 1, '获取角色', '2020-07-20 15:41:57', '2020-07-20 15:41:57', 'system', 'system');
INSERT INTO `resource` VALUES (8, '删除角色', '/boss/role/{id}', 1, '删除角色', '2020-07-20 15:41:57', '2020-07-20 15:41:57', 'system', 'system');
INSERT INTO `resource` VALUES (9, '给角色分配菜单', '/boss/menu/allocateRoleMenus', 2, '给角色分配菜单', '2020-07-20 15:41:57', '2020-07-20 15:41:57', 'system', 'system');
INSERT INTO `resource` VALUES (10, '获取所有菜单', '/boss/menu/getAll', 2, '获取所有菜单', '2020-07-20 15:41:57', '2020-07-20 15:41:57', 'system', 'system');
INSERT INTO `resource` VALUES (11, '获取编辑菜单页面信息', '/boss/menu/getEditMenuInfo', 2, '获取编辑菜单页面信息', '2020-07-20 15:41:57', '2020-07-20 15:41:57', 'system', 'system');
INSERT INTO `resource` VALUES (12, '获取所有菜单并按层级展示', '/boss/menu/getMenuNodeList', 2, '获取所有菜单并按层级展示', '2020-07-20 15:41:57', '2020-07-20 15:41:57', 'system', 'system');
INSERT INTO `resource` VALUES (13, '按条件分页查询菜单', '/boss/menu/getMenuPages', 2, '按条件分页查询菜单', '2020-07-20 15:41:57', '2020-07-20 15:41:57', 'system', 'system');
INSERT INTO `resource` VALUES (14, '获取角色拥有的菜单列表', '/boss/menu/getRoleMenus', 2, '获取角色拥有的菜单列表', '2020-07-20 15:41:57', '2020-07-20 15:41:57', 'system', 'system');
INSERT INTO `resource` VALUES (15, '保存或新增菜单', '/boss/menu/saveOrUpdate', 2, '保存或新增菜单', '2020-07-20 15:41:57', '2020-07-20 15:41:57', 'system', 'system');
INSERT INTO `resource` VALUES (16, '是否显示开关', '/boss/menu/switchShown', 2, '是否显示开关', '2020-07-20 15:41:57', '2020-07-20 15:41:57', 'system', 'system');
INSERT INTO `resource` VALUES (17, '根据ID查询菜单', '/boss/menu/{id}', 2, '根据ID查询菜单', '2020-07-20 15:41:57', '2020-07-20 15:41:57', 'system', 'system');
INSERT INTO `resource` VALUES (18, '删除菜单', '/boss/menu/{id}', 2, '删除菜单', '2020-07-20 15:41:57', '2020-07-20 15:41:57', 'system', 'system');
INSERT INTO `resource` VALUES (19, '给角色分配资源', '/boss/resource/allocateRoleResources', 3, '给角色分配资源', '2020-07-20 15:41:57', '2020-07-20 15:41:57', 'system', 'system');
INSERT INTO `resource` VALUES (20, '查询资源分类列表', '/boss/resource/category/getAll', 3, '查询资源分类列表', '2020-07-20 15:41:57', '2020-07-20 15:41:57', 'system', 'system');
INSERT INTO `resource` VALUES (21, '保存或更新资源分类', '/boss/resource/category/saveOrderUpdate', 3, '保存或更新资源分类', '2020-07-20 15:41:57', '2020-07-20 15:41:57', 'system', 'system');
INSERT INTO `resource` VALUES (22, '删除资源分类', '/boss/resource/category/{id}', 3, '删除资源分类', '2020-07-20 15:41:57', '2020-07-20 15:41:57', 'system', 'system');
INSERT INTO `resource` VALUES (23, '获取所有资源', '/boss/resource/getAll', 3, '获取所有资源', '2020-07-20 15:41:57', '2020-07-20 15:41:57', 'system', 'system');
INSERT INTO `resource` VALUES (24, '按条件分页查询资源', '/boss/resource/getResourcePages', 3, '按条件分页查询资源', '2020-07-20 15:41:57', '2020-07-20 15:41:57', 'system', 'system');
INSERT INTO `resource` VALUES (25, '获取角色拥有的资源列表', '/boss/resource/getRoleResources', 3, '获取角色拥有的资源列表', '2020-07-20 15:41:57', '2020-07-20 15:41:57', 'system', 'system');
INSERT INTO `resource` VALUES (26, '保存或者更新资源', '/boss/resource/saveOrUpdate', 3, '保存或者更新资源', '2020-07-20 15:41:57', '2020-07-20 15:41:57', 'system', 'system');
INSERT INTO `resource` VALUES (27, '获取资源', '/boss/resource/{id}', 3, '获取资源', '2020-07-20 15:41:57', '2020-07-20 15:41:57', 'system', 'system');
INSERT INTO `resource` VALUES (28, '删除资源', '/boss/resource/{id}', 3, '删除资源', '2020-07-20 15:41:57', '2020-07-20 15:41:57', 'system', 'system');
INSERT INTO `resource` VALUES (29, '封禁用户', '/boss/user/forbidUser', 5, '封禁用户', '2020-07-20 15:41:57', '2020-07-20 15:41:57', 'system', 'system');
INSERT INTO `resource` VALUES (30, '分页查询用户信息', '/boss/user/getUserPages', 5, '分页查询用户信息', '2020-07-20 15:41:57', '2020-07-20 15:41:57', 'system', 'system');
INSERT INTO `resource` VALUES (31, '获取用户菜单和资源权限列表', '/boss/permission/getUserPermissions', 5, '获取用户菜单和资源权限列表', '2020-07-20 15:41:57', '2020-07-20 15:41:57', 'system', 'system');
INSERT INTO `resource` VALUES (32, '查询用户角色', '/boss/role/user/{userId}', 1, '查询用户角色', '2020-07-20 15:41:57', '2020-07-20 15:41:57', 'system', 'system');
INSERT INTO `resource` VALUES (33, '课程上下架', '/boss/course/changeState', 4, '课程上下架', '2020-07-20 15:41:57', '2020-07-20 15:41:57', 'system', 'system');
INSERT INTO `resource` VALUES (34, '新建课程页面路由', '/#/courses/new', 4, '新建课程页面路由', '2020-07-20 15:41:57', '2020-07-20 15:41:57', 'system', 'system');
INSERT INTO `resource` VALUES (35, '通过课程Id获取课程信息', '/boss/course/getCourseById', 4, '通过课程Id获取课程信息', '2020-07-20 15:41:57', '2020-07-20 15:41:57', 'system', 'system');
INSERT INTO `resource` VALUES (36, '分页查询课程信息', '/boss/course/getQueryCourses', 4, '分页查询课程信息', '2020-07-20 15:41:57', '2020-07-20 15:41:57', 'system', 'system');
INSERT INTO `resource` VALUES (37, '保存或者更新课程信息', '/boss/course/saveOrUpdateCourse', 4, '保存或者更新课程信息', '2020-07-20 15:41:57', '2020-07-20 15:41:57', 'system', 'system');
INSERT INTO `resource` VALUES (38, '上传图片', '/boss/course/upload', 4, '上传图片', '2020-07-20 15:41:57', '2022-08-27 11:04:27', 'system', '18631142256');
INSERT INTO `resource` VALUES (39, '保存活动商品', '/boss/activityCourse/save', 4, '保存活动商品', '2020-07-20 15:41:57', '2020-07-20 15:41:57', 'system', 'system');
INSERT INTO `resource` VALUES (40, '更新活动商品状态', '/boss/activityCourse/updateStatus', 4, '更新活动商品状态', '2020-07-20 15:41:57', '2020-07-20 15:41:57', 'system', 'system');
INSERT INTO `resource` VALUES (41, '获取章节', '/boss/course/section/getBySectionId', 4, '获取章节', '2020-07-20 15:41:57', '2020-07-20 15:41:57', 'system', 'system');
INSERT INTO `resource` VALUES (42, '获取章节和课时', '/boss/course/section/getSectionAndLesson', 4, '获取章节和课时', '2020-07-20 15:41:57', '2020-07-20 15:41:57', 'system', 'system');
INSERT INTO `resource` VALUES (43, '保存或更新章节', '/boss/course/section/saveOrUpdateSection', 4, '保存或更新章节', '2020-07-20 15:41:57', '2020-07-20 15:41:57', 'system', 'system');
INSERT INTO `resource` VALUES (44, '获取课时内容', '/boss/course/lesson/getById', 4, '获取课时内容', '2020-07-20 15:41:57', '2020-07-20 15:41:57', 'system', 'system');
INSERT INTO `resource` VALUES (45, '保存或更新课时', '/boss/course/lesson/saveOrUpdate', 4, '保存或更新课时', '2020-07-20 15:41:57', '2020-07-20 15:41:57', 'system', 'system');
INSERT INTO `resource` VALUES (46, '获取阿里云图片上传凭证', '/boss/course/upload/aliyunImagUploadAddressAdnAuth.json', 6, '获取阿里云图片上传凭证', '2020-07-20 15:41:57', '2020-07-20 15:41:57', 'system', 'system');
INSERT INTO `resource` VALUES (47, '阿里云转码请求', '/boss/course/upload/aliyunTransCode.json', 6, '阿里云转码请求', '2020-07-20 15:41:57', '2020-07-20 15:41:57', 'system', 'system');
INSERT INTO `resource` VALUES (48, '阿里云转码进度', '/boss/course/upload/aliyunTransCodePercent.json', 6, '阿里云转码进度', '2020-07-20 15:41:57', '2020-07-20 15:41:57', 'system', 'system');
INSERT INTO `resource` VALUES (49, '获取阿里云视频上传凭证', '/boss/course/upload/aliyunVideoUploadAddressAdnAuth.json', 6, '获取阿里云视频上传凭证', '2020-07-20 15:41:57', '2020-07-20 15:41:57', 'system', 'system');
INSERT INTO `resource` VALUES (50, '获取媒体信息', '/boss/course/upload/getMediaByLessonId.json', 6, '获取媒体信息', '2020-07-20 15:41:57', '2020-07-20 15:41:57', 'system', 'system');
INSERT INTO `resource` VALUES (51, '刷新阿里云视频上传凭证', '/boss/course/upload/refreshAliyunVideoUploadAddressAdnAuth.json', 6, '刷新阿里云视频上传凭证', '2020-07-20 15:41:57', '2020-07-20 15:41:57', 'system', 'system');
INSERT INTO `resource` VALUES (52, '分页查询教师信息', '/boss/user/getTeacherPages', 5, '分页查询教师信息', '2022-04-11 12:29:21', '2022-04-11 12:29:21', '18631142256', '18631142256');

-- ----------------------------
-- Table structure for resource_category
-- ----------------------------
DROP TABLE IF EXISTS `resource_category`;
CREATE TABLE `resource_category`  (
  `id` int(11) NOT NULL AUTO_INCREMENT,
  `name` varchar(200) CHARACTER SET utf8 COLLATE utf8_general_ci NULL DEFAULT NULL COMMENT '分类名称',
  `sort` int(4) NULL DEFAULT NULL COMMENT '排序',
  `created_time` datetime NOT NULL COMMENT '创建时间',
  `updated_time` datetime NOT NULL COMMENT '更新时间',
  `created_by` varchar(100) CHARACTER SET utf8 COLLATE utf8_general_ci NOT NULL COMMENT '创建人',
  `updated_by` varchar(100) CHARACTER SET utf8 COLLATE utf8_general_ci NOT NULL COMMENT '更新人',
  PRIMARY KEY (`id`) USING BTREE
) ENGINE = InnoDB AUTO_INCREMENT = 8 CHARACTER SET = utf8 COLLATE = utf8_general_ci COMMENT = '资源分类表' ROW_FORMAT = DYNAMIC;

-- ----------------------------
-- Records of resource_category
-- ----------------------------
INSERT INTO `resource_category` VALUES (1, '角色管理', 1, '2020-07-20 15:41:46', '2020-07-20 15:41:46', 'system', 'system');
INSERT INTO `resource_category` VALUES (2, '菜单管理', 2, '2020-07-20 15:41:46', '2020-07-20 15:41:46', 'system', 'system');
INSERT INTO `resource_category` VALUES (3, '资源管理', 3, '2020-07-20 15:41:46', '2020-07-20 15:41:46', 'system', 'system');
INSERT INTO `resource_category` VALUES (4, '课程管理', 4, '2020-07-20 15:41:46', '2020-09-28 11:43:31', 'system', '18631142257');
INSERT INTO `resource_category` VALUES (5, '用户管理', 5, '2020-07-20 15:41:46', '2020-07-20 15:41:46', 'system', 'system');
INSERT INTO `resource_category` VALUES (6, '阿里上传', 6, '2020-07-20 15:41:46', '2020-07-20 15:41:46', 'system', 'system');
INSERT INTO `resource_category` VALUES (7, '广告管理', 0, '2020-07-20 07:57:10', '2020-07-20 07:57:10', '15510792994', '15510792994');

-- ----------------------------
-- Table structure for role_menu_relation
-- ----------------------------
DROP TABLE IF EXISTS `role_menu_relation`;
CREATE TABLE `role_menu_relation`  (
  `id` int(11) NOT NULL AUTO_INCREMENT COMMENT 'id',
  `menu_id` int(11) NOT NULL COMMENT '菜单id',
  `role_id` int(11) NOT NULL COMMENT '角色id',
  `created_time` datetime NOT NULL COMMENT '创建时间',
  `updated_time` datetime NOT NULL COMMENT '更新时间',
  `created_by` varchar(100) CHARACTER SET utf8mb4 COLLATE utf8mb4_general_ci NOT NULL COMMENT '创建人',
  `updated_by` varchar(100) CHARACTER SET utf8mb4 COLLATE utf8mb4_general_ci NOT NULL COMMENT '更新人',
  PRIMARY KEY (`id`) USING BTREE
) ENGINE = InnoDB AUTO_INCREMENT = 251 CHARACTER SET = utf8mb4 COLLATE = utf8mb4_general_ci COMMENT = '角色和菜单关系表' ROW_FORMAT = DYNAMIC;

-- ----------------------------
-- Records of role_menu_relation
-- ----------------------------
INSERT INTO `role_menu_relation` VALUES (23, 2, 2, '2020-07-20 07:48:06', '2020-07-20 07:48:06', '15510792994', '15510792994');
INSERT INTO `role_menu_relation` VALUES (24, 3, 2, '2020-07-20 07:48:06', '2020-07-20 07:48:06', '15510792994', '15510792994');
INSERT INTO `role_menu_relation` VALUES (25, 4, 2, '2020-07-20 07:48:06', '2020-07-20 07:48:06', '15510792994', '15510792994');
INSERT INTO `role_menu_relation` VALUES (26, 6, 2, '2020-07-20 07:48:06', '2020-07-20 07:48:06', '15510792994', '15510792994');
INSERT INTO `role_menu_relation` VALUES (27, 10, 2, '2020-07-20 07:48:06', '2020-07-20 07:48:06', '15510792994', '15510792994');
INSERT INTO `role_menu_relation` VALUES (28, 11, 2, '2020-07-20 07:48:06', '2020-07-20 07:48:06', '15510792994', '15510792994');
INSERT INTO `role_menu_relation` VALUES (29, 12, 2, '2020-07-20 07:48:06', '2020-07-20 07:48:06', '15510792994', '15510792994');
INSERT INTO `role_menu_relation` VALUES (30, 13, 2, '2020-07-20 07:48:06', '2020-07-20 07:48:06', '15510792994', '15510792994');
INSERT INTO `role_menu_relation` VALUES (31, 14, 2, '2020-07-20 07:48:06', '2020-07-20 07:48:06', '15510792994', '15510792994');
INSERT INTO `role_menu_relation` VALUES (77, 2, 4, '2020-09-01 10:23:58', '2020-09-01 10:23:58', '15510792995', '15510792995');
INSERT INTO `role_menu_relation` VALUES (145, 6, 5, '2020-09-29 03:23:58', '2020-09-29 03:23:58', '18201288771', '18201288771');
INSERT INTO `role_menu_relation` VALUES (146, 36, 2, '2022-03-29 14:53:54', '2022-03-29 14:53:58', '18201288771', '18201288771');
INSERT INTO `role_menu_relation` VALUES (147, 37, 2, '2022-03-29 14:54:16', '2022-03-29 14:54:18', '18201288771', '1820128771');
INSERT INTO `role_menu_relation` VALUES (151, 41, 2, '2022-03-31 12:27:54', '2022-03-31 12:27:54', '18631142256', '18631142256');
INSERT INTO `role_menu_relation` VALUES (152, 64, 2, '2022-04-08 11:49:41', '2022-04-08 11:49:41', '18631142256', '18631142256');
INSERT INTO `role_menu_relation` VALUES (153, 65, 2, '2022-04-08 11:49:41', '2022-04-08 11:49:41', '18631142256', '18631142256');
INSERT INTO `role_menu_relation` VALUES (154, 1, 2, '2022-04-08 11:49:41', '2022-04-08 11:49:41', '18631142256', '18631142256');
INSERT INTO `role_menu_relation` VALUES (155, 66, 2, '2022-04-08 11:49:41', '2022-04-08 11:49:41', '18631142256', '18631142256');
INSERT INTO `role_menu_relation` VALUES (156, 67, 2, '2022-04-08 11:49:41', '2022-04-08 11:49:41', '18631142256', '18631142256');
INSERT INTO `role_menu_relation` VALUES (157, 68, 2, '2022-04-08 11:49:41', '2022-04-08 11:49:41', '18631142256', '18631142256');
INSERT INTO `role_menu_relation` VALUES (158, 69, 2, '2022-04-08 11:49:41', '2022-04-08 11:49:41', '18631142256', '18631142256');
INSERT INTO `role_menu_relation` VALUES (159, 70, 2, '2022-04-08 11:49:41', '2022-04-08 11:49:41', '18631142256', '18631142256');
INSERT INTO `role_menu_relation` VALUES (160, 42, 2, '2022-04-08 11:49:41', '2022-04-08 11:49:41', '18631142256', '18631142256');
INSERT INTO `role_menu_relation` VALUES (161, 43, 2, '2022-04-08 11:49:41', '2022-04-08 11:49:41', '18631142256', '18631142256');
INSERT INTO `role_menu_relation` VALUES (162, 44, 2, '2022-04-08 11:49:41', '2022-04-08 11:49:41', '18631142256', '18631142256');
INSERT INTO `role_menu_relation` VALUES (163, 45, 2, '2022-04-08 11:49:41', '2022-04-08 11:49:41', '18631142256', '18631142256');
INSERT INTO `role_menu_relation` VALUES (164, 46, 2, '2022-04-08 11:49:41', '2022-04-08 11:49:41', '18631142256', '18631142256');
INSERT INTO `role_menu_relation` VALUES (165, 47, 2, '2022-04-08 11:49:41', '2022-04-08 11:49:41', '18631142256', '18631142256');
INSERT INTO `role_menu_relation` VALUES (166, 48, 2, '2022-04-08 11:49:41', '2022-04-08 11:49:41', '18631142256', '18631142256');
INSERT INTO `role_menu_relation` VALUES (167, 49, 2, '2022-04-08 11:49:41', '2022-04-08 11:49:41', '18631142256', '18631142256');
INSERT INTO `role_menu_relation` VALUES (168, 50, 2, '2022-04-08 11:49:41', '2022-04-08 11:49:41', '18631142256', '18631142256');
INSERT INTO `role_menu_relation` VALUES (169, 51, 2, '2022-04-08 11:49:41', '2022-04-08 11:49:41', '18631142256', '18631142256');
INSERT INTO `role_menu_relation` VALUES (170, 52, 2, '2022-04-08 11:49:41', '2022-04-08 11:49:41', '18631142256', '18631142256');
INSERT INTO `role_menu_relation` VALUES (171, 53, 2, '2022-04-08 11:49:41', '2022-04-08 11:49:41', '18631142256', '18631142256');
INSERT INTO `role_menu_relation` VALUES (172, 54, 2, '2022-04-08 11:49:41', '2022-04-08 11:49:41', '18631142256', '18631142256');
INSERT INTO `role_menu_relation` VALUES (173, 55, 2, '2022-04-08 11:49:41', '2022-04-08 11:49:41', '18631142256', '18631142256');
INSERT INTO `role_menu_relation` VALUES (174, 56, 2, '2022-04-08 11:49:41', '2022-04-08 11:49:41', '18631142256', '18631142256');
INSERT INTO `role_menu_relation` VALUES (175, 57, 2, '2022-04-08 11:49:41', '2022-04-08 11:49:41', '18631142256', '18631142256');
INSERT INTO `role_menu_relation` VALUES (176, 58, 2, '2022-04-08 11:49:41', '2022-04-08 11:49:41', '18631142256', '18631142256');
INSERT INTO `role_menu_relation` VALUES (177, 59, 2, '2022-04-08 11:49:41', '2022-04-08 11:49:41', '18631142256', '18631142256');
INSERT INTO `role_menu_relation` VALUES (178, 60, 2, '2022-04-08 11:49:41', '2022-04-08 11:49:41', '18631142256', '18631142256');
INSERT INTO `role_menu_relation` VALUES (179, 61, 2, '2022-04-08 11:49:41', '2022-04-08 11:49:41', '18631142256', '18631142256');
INSERT INTO `role_menu_relation` VALUES (180, 62, 2, '2022-04-08 11:49:41', '2022-04-08 11:49:41', '18631142256', '18631142256');
INSERT INTO `role_menu_relation` VALUES (181, 63, 2, '2022-04-08 11:49:41', '2022-04-08 11:49:41', '18631142256', '18631142256');
INSERT INTO `role_menu_relation` VALUES (182, 71, 2, '2022-04-09 13:52:29', '2022-04-09 13:52:29', '18631142256', '18631142256');
INSERT INTO `role_menu_relation` VALUES (183, 72, 2, '2022-04-09 13:52:29', '2022-04-09 13:52:29', '18631142256', '18631142256');
INSERT INTO `role_menu_relation` VALUES (184, 73, 2, '2022-04-09 14:00:22', '2022-04-09 14:00:22', '18631142256', '18631142256');
INSERT INTO `role_menu_relation` VALUES (185, 74, 2, '2022-04-10 06:33:38', '2022-04-10 06:33:38', '18631142256', '18631142256');
INSERT INTO `role_menu_relation` VALUES (186, 75, 2, '2022-04-10 06:45:04', '2022-04-10 06:45:04', '18631142256', '18631142256');
INSERT INTO `role_menu_relation` VALUES (187, 76, 2, '2022-04-10 07:34:00', '2022-04-10 07:34:00', '18631142256', '18631142256');
INSERT INTO `role_menu_relation` VALUES (188, 77, 2, '2022-04-10 07:34:00', '2022-04-10 07:34:00', '18631142256', '18631142256');
INSERT INTO `role_menu_relation` VALUES (189, 78, 2, '2022-04-10 14:38:37', '2022-04-10 14:38:37', '18631142256', '18631142256');
INSERT INTO `role_menu_relation` VALUES (191, 74, 8, '2022-04-10 14:56:44', '2022-04-10 14:56:44', '18631142256', '18631142256');
INSERT INTO `role_menu_relation` VALUES (192, 76, 8, '2022-04-10 14:56:44', '2022-04-10 14:56:44', '18631142256', '18631142256');
INSERT INTO `role_menu_relation` VALUES (193, 77, 8, '2022-04-10 14:56:44', '2022-04-10 14:56:44', '18631142256', '18631142256');
INSERT INTO `role_menu_relation` VALUES (194, 78, 8, '2022-04-10 14:56:44', '2022-04-10 14:56:44', '18631142256', '18631142256');
INSERT INTO `role_menu_relation` VALUES (195, 36, 8, '2022-04-10 14:56:44', '2022-04-10 14:56:44', '18631142256', '18631142256');
INSERT INTO `role_menu_relation` VALUES (196, 37, 8, '2022-04-10 14:56:44', '2022-04-10 14:56:44', '18631142256', '18631142256');
INSERT INTO `role_menu_relation` VALUES (197, 42, 8, '2022-04-10 14:56:44', '2022-04-10 14:56:44', '18631142256', '18631142256');
INSERT INTO `role_menu_relation` VALUES (198, 43, 8, '2022-04-10 14:56:44', '2022-04-10 14:56:44', '18631142256', '18631142256');
INSERT INTO `role_menu_relation` VALUES (199, 44, 8, '2022-04-10 14:56:44', '2022-04-10 14:56:44', '18631142256', '18631142256');
INSERT INTO `role_menu_relation` VALUES (200, 45, 8, '2022-04-10 14:56:44', '2022-04-10 14:56:44', '18631142256', '18631142256');
INSERT INTO `role_menu_relation` VALUES (201, 46, 8, '2022-04-10 14:56:44', '2022-04-10 14:56:44', '18631142256', '18631142256');
INSERT INTO `role_menu_relation` VALUES (202, 47, 8, '2022-04-10 14:56:44', '2022-04-10 14:56:44', '18631142256', '18631142256');
INSERT INTO `role_menu_relation` VALUES (203, 48, 8, '2022-04-10 14:56:44', '2022-04-10 14:56:44', '18631142256', '18631142256');
INSERT INTO `role_menu_relation` VALUES (204, 49, 8, '2022-04-10 14:56:44', '2022-04-10 14:56:44', '18631142256', '18631142256');
INSERT INTO `role_menu_relation` VALUES (205, 50, 8, '2022-04-10 14:56:44', '2022-04-10 14:56:44', '18631142256', '18631142256');
INSERT INTO `role_menu_relation` VALUES (206, 51, 8, '2022-04-10 14:56:44', '2022-04-10 14:56:44', '18631142256', '18631142256');
INSERT INTO `role_menu_relation` VALUES (207, 52, 8, '2022-04-10 14:56:44', '2022-04-10 14:56:44', '18631142256', '18631142256');
INSERT INTO `role_menu_relation` VALUES (208, 53, 8, '2022-04-10 14:56:44', '2022-04-10 14:56:44', '18631142256', '18631142256');
INSERT INTO `role_menu_relation` VALUES (209, 54, 8, '2022-04-10 14:56:44', '2022-04-10 14:56:44', '18631142256', '18631142256');
INSERT INTO `role_menu_relation` VALUES (210, 55, 8, '2022-04-10 14:56:44', '2022-04-10 14:56:44', '18631142256', '18631142256');
INSERT INTO `role_menu_relation` VALUES (211, 56, 8, '2022-04-10 14:56:44', '2022-04-10 14:56:44', '18631142256', '18631142256');
INSERT INTO `role_menu_relation` VALUES (212, 57, 8, '2022-04-10 14:56:44', '2022-04-10 14:56:44', '18631142256', '18631142256');
INSERT INTO `role_menu_relation` VALUES (213, 58, 8, '2022-04-10 14:56:44', '2022-04-10 14:56:44', '18631142256', '18631142256');
INSERT INTO `role_menu_relation` VALUES (214, 59, 8, '2022-04-10 14:56:44', '2022-04-10 14:56:44', '18631142256', '18631142256');
INSERT INTO `role_menu_relation` VALUES (215, 60, 8, '2022-04-10 14:56:44', '2022-04-10 14:56:44', '18631142256', '18631142256');
INSERT INTO `role_menu_relation` VALUES (216, 61, 8, '2022-04-10 14:56:44', '2022-04-10 14:56:44', '18631142256', '18631142256');
INSERT INTO `role_menu_relation` VALUES (217, 62, 8, '2022-04-10 14:56:44', '2022-04-10 14:56:44', '18631142256', '18631142256');
INSERT INTO `role_menu_relation` VALUES (218, 80, 2, '2022-04-11 07:58:08', '2022-04-11 07:58:08', '18631142256', '18631142256');
INSERT INTO `role_menu_relation` VALUES (219, 81, 2, '2022-04-11 07:58:08', '2022-04-11 07:58:08', '18631142256', '18631142256');
INSERT INTO `role_menu_relation` VALUES (220, 82, 2, '2022-04-11 07:58:08', '2022-04-11 07:58:08', '18631142256', '18631142256');
INSERT INTO `role_menu_relation` VALUES (221, 83, 2, '2022-04-11 07:58:08', '2022-04-11 07:58:08', '18631142256', '18631142256');
INSERT INTO `role_menu_relation` VALUES (222, 84, 2, '2022-04-11 08:12:41', '2022-04-11 08:12:41', '18631142256', '18631142256');
INSERT INTO `role_menu_relation` VALUES (223, 85, 2, '2022-04-12 14:54:13', '2022-04-12 14:54:13', '18631142256', '18631142256');
INSERT INTO `role_menu_relation` VALUES (224, 86, 2, '2022-04-12 14:54:13', '2022-04-12 14:54:13', '18631142256', '18631142256');
INSERT INTO `role_menu_relation` VALUES (225, 87, 2, '2022-04-12 14:54:13', '2022-04-12 14:54:13', '18631142256', '18631142256');
INSERT INTO `role_menu_relation` VALUES (226, 88, 2, '2022-04-12 14:54:13', '2022-04-12 14:54:13', '18631142256', '18631142256');
INSERT INTO `role_menu_relation` VALUES (227, 74, 9, '2022-04-14 06:06:42', '2022-04-14 06:06:42', '撒打算', '撒打算');
INSERT INTO `role_menu_relation` VALUES (228, 59, 9, '2022-04-14 06:06:42', '2022-04-14 06:06:42', '撒打算', '撒打算');
INSERT INTO `role_menu_relation` VALUES (229, 60, 9, '2022-04-14 06:06:42', '2022-04-14 06:06:42', '撒打算', '撒打算');
INSERT INTO `role_menu_relation` VALUES (230, 61, 9, '2022-04-14 06:06:42', '2022-04-14 06:06:42', '撒打算', '撒打算');
INSERT INTO `role_menu_relation` VALUES (231, 62, 9, '2022-04-14 06:06:42', '2022-04-14 06:06:42', '撒打算', '撒打算');
INSERT INTO `role_menu_relation` VALUES (232, 64, 8, '2022-04-14 06:06:53', '2022-04-14 06:06:53', '撒打算', '撒打算');
INSERT INTO `role_menu_relation` VALUES (233, 65, 8, '2022-04-14 06:06:53', '2022-04-14 06:06:53', '撒打算', '撒打算');
INSERT INTO `role_menu_relation` VALUES (234, 75, 8, '2022-04-14 06:06:53', '2022-04-14 06:06:53', '撒打算', '撒打算');
INSERT INTO `role_menu_relation` VALUES (235, 80, 8, '2022-04-14 06:06:53', '2022-04-14 06:06:53', '撒打算', '撒打算');
INSERT INTO `role_menu_relation` VALUES (236, 81, 8, '2022-04-14 06:06:53', '2022-04-14 06:06:53', '撒打算', '撒打算');
INSERT INTO `role_menu_relation` VALUES (237, 82, 8, '2022-04-14 06:06:53', '2022-04-14 06:06:53', '撒打算', '撒打算');
INSERT INTO `role_menu_relation` VALUES (238, 83, 8, '2022-04-14 06:06:53', '2022-04-14 06:06:53', '撒打算', '撒打算');
INSERT INTO `role_menu_relation` VALUES (239, 84, 8, '2022-04-14 06:06:53', '2022-04-14 06:06:53', '撒打算', '撒打算');
INSERT INTO `role_menu_relation` VALUES (240, 85, 8, '2022-04-14 06:06:53', '2022-04-14 06:06:53', '撒打算', '撒打算');
INSERT INTO `role_menu_relation` VALUES (241, 86, 8, '2022-04-14 06:06:53', '2022-04-14 06:06:53', '撒打算', '撒打算');
INSERT INTO `role_menu_relation` VALUES (242, 87, 8, '2022-04-14 06:06:53', '2022-04-14 06:06:53', '撒打算', '撒打算');
INSERT INTO `role_menu_relation` VALUES (243, 88, 8, '2022-04-14 06:06:53', '2022-04-14 06:06:53', '撒打算', '撒打算');
INSERT INTO `role_menu_relation` VALUES (244, 63, 8, '2022-04-14 06:06:53', '2022-04-14 06:06:53', '撒打算', '撒打算');
INSERT INTO `role_menu_relation` VALUES (245, 85, 9, '2022-09-08 05:32:27', '2022-09-08 05:32:27', '18631142256', '18631142256');
INSERT INTO `role_menu_relation` VALUES (246, 86, 9, '2022-09-08 05:32:27', '2022-09-08 05:32:27', '18631142256', '18631142256');
INSERT INTO `role_menu_relation` VALUES (247, 87, 9, '2022-09-08 05:32:27', '2022-09-08 05:32:27', '18631142256', '18631142256');
INSERT INTO `role_menu_relation` VALUES (248, 88, 9, '2022-09-08 05:32:27', '2022-09-08 05:32:27', '18631142256', '18631142256');
INSERT INTO `role_menu_relation` VALUES (249, 91, 2, '2022-09-08 11:39:47', '2022-09-08 11:39:47', '18631142256', '18631142256');
INSERT INTO `role_menu_relation` VALUES (250, 94, 2, '2022-09-08 11:39:47', '2022-09-08 11:39:47', '18631142256', '18631142256');

-- ----------------------------
-- Table structure for role_resource_relation
-- ----------------------------
DROP TABLE IF EXISTS `role_resource_relation`;
CREATE TABLE `role_resource_relation`  (
  `id` int(11) NOT NULL AUTO_INCREMENT COMMENT '关系id',
  `resource_id` int(11) NOT NULL COMMENT '资源id',
  `role_id` int(11) NOT NULL COMMENT '角色id',
  `created_time` datetime NOT NULL COMMENT '创建时间',
  `updated_time` datetime NOT NULL COMMENT '更新时间',
  `created_by` varchar(100) CHARACTER SET utf8mb4 COLLATE utf8mb4_general_ci NOT NULL COMMENT '创建人',
  `updated_by` varchar(100) CHARACTER SET utf8mb4 COLLATE utf8mb4_general_ci NOT NULL COMMENT '更新人',
  PRIMARY KEY (`id`) USING BTREE
) ENGINE = InnoDB AUTO_INCREMENT = 137 CHARACTER SET = utf8mb4 COLLATE = utf8mb4_general_ci COMMENT = '角色和资源关系表' ROW_FORMAT = DYNAMIC;

-- ----------------------------
-- Records of role_resource_relation
-- ----------------------------
INSERT INTO `role_resource_relation` VALUES (52, 1, 2, '2020-07-20 07:50:39', '2020-07-20 07:50:39', '15510792994', '15510792994');
INSERT INTO `role_resource_relation` VALUES (53, 2, 2, '2020-07-20 07:50:39', '2020-07-20 07:50:39', '15510792994', '15510792994');
INSERT INTO `role_resource_relation` VALUES (54, 3, 2, '2020-07-20 07:50:39', '2020-07-20 07:50:39', '15510792994', '15510792994');
INSERT INTO `role_resource_relation` VALUES (55, 4, 2, '2020-07-20 07:50:39', '2020-07-20 07:50:39', '15510792994', '15510792994');
INSERT INTO `role_resource_relation` VALUES (56, 5, 2, '2020-07-20 07:50:39', '2020-07-20 07:50:39', '15510792994', '15510792994');
INSERT INTO `role_resource_relation` VALUES (57, 6, 2, '2020-07-20 07:50:39', '2020-07-20 07:50:39', '15510792994', '15510792994');
INSERT INTO `role_resource_relation` VALUES (58, 7, 2, '2020-07-20 07:50:39', '2020-07-20 07:50:39', '15510792994', '15510792994');
INSERT INTO `role_resource_relation` VALUES (59, 8, 2, '2020-07-20 07:50:39', '2020-07-20 07:50:39', '15510792994', '15510792994');
INSERT INTO `role_resource_relation` VALUES (60, 9, 2, '2020-07-20 07:50:39', '2020-07-20 07:50:39', '15510792994', '15510792994');
INSERT INTO `role_resource_relation` VALUES (61, 10, 2, '2020-07-20 07:50:39', '2020-07-20 07:50:39', '15510792994', '15510792994');
INSERT INTO `role_resource_relation` VALUES (62, 11, 2, '2020-07-20 07:50:39', '2020-07-20 07:50:39', '15510792994', '15510792994');
INSERT INTO `role_resource_relation` VALUES (63, 12, 2, '2020-07-20 07:50:39', '2020-07-20 07:50:39', '15510792994', '15510792994');
INSERT INTO `role_resource_relation` VALUES (64, 13, 2, '2020-07-20 07:50:39', '2020-07-20 07:50:39', '15510792994', '15510792994');
INSERT INTO `role_resource_relation` VALUES (65, 14, 2, '2020-07-20 07:50:39', '2020-07-20 07:50:39', '15510792994', '15510792994');
INSERT INTO `role_resource_relation` VALUES (66, 15, 2, '2020-07-20 07:50:39', '2020-07-20 07:50:39', '15510792994', '15510792994');
INSERT INTO `role_resource_relation` VALUES (67, 16, 2, '2020-07-20 07:50:39', '2020-07-20 07:50:39', '15510792994', '15510792994');
INSERT INTO `role_resource_relation` VALUES (68, 17, 2, '2020-07-20 07:50:39', '2020-07-20 07:50:39', '15510792994', '15510792994');
INSERT INTO `role_resource_relation` VALUES (69, 18, 2, '2020-07-20 07:50:39', '2020-07-20 07:50:39', '15510792994', '15510792994');
INSERT INTO `role_resource_relation` VALUES (70, 19, 2, '2020-07-20 07:50:39', '2020-07-20 07:50:39', '15510792994', '15510792994');
INSERT INTO `role_resource_relation` VALUES (71, 20, 2, '2020-07-20 07:50:39', '2020-07-20 07:50:39', '15510792994', '15510792994');
INSERT INTO `role_resource_relation` VALUES (72, 21, 2, '2020-07-20 07:50:39', '2020-07-20 07:50:39', '15510792994', '15510792994');
INSERT INTO `role_resource_relation` VALUES (73, 22, 2, '2020-07-20 07:50:39', '2020-07-20 07:50:39', '15510792994', '15510792994');
INSERT INTO `role_resource_relation` VALUES (74, 23, 2, '2020-07-20 07:50:39', '2020-07-20 07:50:39', '15510792994', '15510792994');
INSERT INTO `role_resource_relation` VALUES (75, 24, 2, '2020-07-20 07:50:39', '2020-07-20 07:50:39', '15510792994', '15510792994');
INSERT INTO `role_resource_relation` VALUES (76, 25, 2, '2020-07-20 07:50:39', '2020-07-20 07:50:39', '15510792994', '15510792994');
INSERT INTO `role_resource_relation` VALUES (77, 26, 2, '2020-07-20 07:50:39', '2020-07-20 07:50:39', '15510792994', '15510792994');
INSERT INTO `role_resource_relation` VALUES (78, 27, 2, '2020-07-20 07:50:39', '2020-07-20 07:50:39', '15510792994', '15510792994');
INSERT INTO `role_resource_relation` VALUES (79, 28, 2, '2020-07-20 07:50:39', '2020-07-20 07:50:39', '15510792994', '15510792994');
INSERT INTO `role_resource_relation` VALUES (80, 29, 2, '2020-07-20 07:50:39', '2020-07-20 07:50:39', '15510792994', '15510792994');
INSERT INTO `role_resource_relation` VALUES (81, 30, 2, '2020-07-20 07:50:39', '2020-07-20 07:50:39', '15510792994', '15510792994');
INSERT INTO `role_resource_relation` VALUES (82, 31, 2, '2020-07-20 07:50:39', '2020-07-20 07:50:39', '15510792994', '15510792994');
INSERT INTO `role_resource_relation` VALUES (83, 32, 2, '2020-07-20 07:50:39', '2020-07-20 07:50:39', '15510792994', '15510792994');
INSERT INTO `role_resource_relation` VALUES (84, 33, 3, '2020-07-20 07:55:32', '2020-07-20 07:55:32', '15510792994', '15510792994');
INSERT INTO `role_resource_relation` VALUES (85, 34, 3, '2020-07-20 07:55:32', '2020-07-20 07:55:32', '15510792994', '15510792994');
INSERT INTO `role_resource_relation` VALUES (86, 35, 3, '2020-07-20 07:55:32', '2020-07-20 07:55:32', '15510792994', '15510792994');
INSERT INTO `role_resource_relation` VALUES (87, 36, 3, '2020-07-20 07:55:32', '2020-07-20 07:55:32', '15510792994', '15510792994');
INSERT INTO `role_resource_relation` VALUES (88, 37, 3, '2020-07-20 07:55:32', '2020-07-20 07:55:32', '15510792994', '15510792994');
INSERT INTO `role_resource_relation` VALUES (89, 38, 3, '2020-07-20 07:55:32', '2020-07-20 07:55:32', '15510792994', '15510792994');
INSERT INTO `role_resource_relation` VALUES (90, 39, 3, '2020-07-20 07:55:32', '2020-07-20 07:55:32', '15510792994', '15510792994');
INSERT INTO `role_resource_relation` VALUES (91, 40, 3, '2020-07-20 07:55:32', '2020-07-20 07:55:32', '15510792994', '15510792994');
INSERT INTO `role_resource_relation` VALUES (92, 41, 3, '2020-07-20 07:55:32', '2020-07-20 07:55:32', '15510792994', '15510792994');
INSERT INTO `role_resource_relation` VALUES (93, 42, 3, '2020-07-20 07:55:32', '2020-07-20 07:55:32', '15510792994', '15510792994');
INSERT INTO `role_resource_relation` VALUES (94, 43, 3, '2020-07-20 07:55:32', '2020-07-20 07:55:32', '15510792994', '15510792994');
INSERT INTO `role_resource_relation` VALUES (95, 44, 3, '2020-07-20 07:55:32', '2020-07-20 07:55:32', '15510792994', '15510792994');
INSERT INTO `role_resource_relation` VALUES (96, 45, 3, '2020-07-20 07:55:32', '2020-07-20 07:55:32', '15510792994', '15510792994');
INSERT INTO `role_resource_relation` VALUES (97, 32, 4, '2020-07-22 04:23:25', '2020-07-22 04:23:25', '15321919577', '15321919577');
INSERT INTO `role_resource_relation` VALUES (98, 1, 4, '2020-07-22 04:23:25', '2020-07-22 04:23:25', '15321919577', '15321919577');
INSERT INTO `role_resource_relation` VALUES (99, 2, 4, '2020-07-22 04:23:25', '2020-07-22 04:23:25', '15321919577', '15321919577');
INSERT INTO `role_resource_relation` VALUES (100, 3, 4, '2020-07-22 04:23:25', '2020-07-22 04:23:25', '15321919577', '15321919577');
INSERT INTO `role_resource_relation` VALUES (101, 4, 4, '2020-07-22 04:23:25', '2020-07-22 04:23:25', '15321919577', '15321919577');
INSERT INTO `role_resource_relation` VALUES (102, 5, 4, '2020-07-22 04:23:25', '2020-07-22 04:23:25', '15321919577', '15321919577');
INSERT INTO `role_resource_relation` VALUES (103, 6, 4, '2020-07-22 04:23:25', '2020-07-22 04:23:25', '15321919577', '15321919577');
INSERT INTO `role_resource_relation` VALUES (104, 7, 4, '2020-07-22 04:23:25', '2020-07-22 04:23:25', '15321919577', '15321919577');
INSERT INTO `role_resource_relation` VALUES (107, 16, 5, '2020-08-24 05:46:51', '2020-08-24 05:46:51', '15510792995', '15510792995');
INSERT INTO `role_resource_relation` VALUES (108, 17, 5, '2020-08-24 05:46:51', '2020-08-24 05:46:51', '15510792995', '15510792995');
INSERT INTO `role_resource_relation` VALUES (109, 18, 5, '2020-08-24 05:46:51', '2020-08-24 05:46:51', '15510792995', '15510792995');
INSERT INTO `role_resource_relation` VALUES (110, 9, 5, '2020-08-24 05:46:51', '2020-08-24 05:46:51', '15510792995', '15510792995');
INSERT INTO `role_resource_relation` VALUES (111, 10, 5, '2020-08-24 05:46:51', '2020-08-24 05:46:51', '15510792995', '15510792995');
INSERT INTO `role_resource_relation` VALUES (112, 11, 5, '2020-08-24 05:46:51', '2020-08-24 05:46:51', '15510792995', '15510792995');
INSERT INTO `role_resource_relation` VALUES (113, 12, 5, '2020-08-24 05:46:51', '2020-08-24 05:46:51', '15510792995', '15510792995');
INSERT INTO `role_resource_relation` VALUES (114, 13, 5, '2020-08-24 05:46:51', '2020-08-24 05:46:51', '15510792995', '15510792995');
INSERT INTO `role_resource_relation` VALUES (115, 14, 5, '2020-08-24 05:46:51', '2020-08-24 05:46:51', '15510792995', '15510792995');
INSERT INTO `role_resource_relation` VALUES (116, 15, 5, '2020-08-24 05:46:51', '2020-08-24 05:46:51', '15510792995', '15510792995');
INSERT INTO `role_resource_relation` VALUES (135, 31, 5, '2022-03-18 20:15:06', '2022-03-18 20:15:08', '1820128771', '1820128771');
INSERT INTO `role_resource_relation` VALUES (136, 52, 2, '2022-04-12 00:13:19', '2022-04-12 00:13:20', '123', '123');

-- ----------------------------
-- Table structure for roles
-- ----------------------------
DROP TABLE IF EXISTS `roles`;
CREATE TABLE `roles`  (
  `id` int(11) NOT NULL AUTO_INCREMENT COMMENT '角色id',
  `code` varchar(100) CHARACTER SET utf8mb4 COLLATE utf8mb4_general_ci NOT NULL COMMENT '角色code',
  `name` varchar(200) CHARACTER SET utf8mb4 COLLATE utf8mb4_general_ci NULL DEFAULT NULL COMMENT '角色名称',
  `description` varchar(500) CHARACTER SET utf8mb4 COLLATE utf8mb4_general_ci NULL DEFAULT NULL COMMENT '简介',
  `created_time` datetime NOT NULL COMMENT '创建时间',
  `updated_time` datetime NOT NULL COMMENT '更新时间',
  `created_by` varchar(100) CHARACTER SET utf8mb4 COLLATE utf8mb4_general_ci NOT NULL COMMENT '创建人',
  `updated_by` varchar(100) CHARACTER SET utf8mb4 COLLATE utf8mb4_general_ci NOT NULL COMMENT '更新人',
  PRIMARY KEY (`id`) USING BTREE
) ENGINE = InnoDB AUTO_INCREMENT = 10 CHARACTER SET = utf8mb4 COLLATE = utf8mb4_general_ci COMMENT = '角色表' ROW_FORMAT = DYNAMIC;

-- ----------------------------
-- Records of roles
-- ----------------------------
INSERT INTO `roles` VALUES (2, 'AUTHORITY_MANAGER', '权限管理员', '管理权限相关数据，如角色、菜单、资源。可以给用户分配角色。', '2020-07-20 07:47:55', '2020-07-20 07:47:55', '15510792994', '15510792994');
INSERT INTO `roles` VALUES (3, 'COURSE_MANAGER', '课程管理员', '管理课程信息，对课程、课时、章节进行管理。', '2020-07-20 07:52:04', '2020-07-20 07:52:04', '15510792994', '15510792994');
INSERT INTO `roles` VALUES (4, 'AD_MANAGER', '广告管理员', '管理广告、广告位信息', '2020-07-20 07:55:56', '2020-07-20 07:55:56', '15510792994', '15510792994');
INSERT INTO `roles` VALUES (5, 'STUDENT', '学生', '普通用户只有查看权限', '2020-08-17 07:05:40', '2020-08-17 07:05:40', '15510792995', '15510792995');
INSERT INTO `roles` VALUES (8, 'TEACHER', '教师', '教师', '2022-04-10 14:56:13', '2022-04-10 14:56:13', '18631142256', '18631142256');
INSERT INTO `roles` VALUES (9, 'BANZHANG', '班长', '班长', '2022-04-11 15:52:40', '2022-04-11 15:52:40', '18631142256', '18631142256');

-- ----------------------------
-- Table structure for t_class
-- ----------------------------
DROP TABLE IF EXISTS `t_class`;
CREATE TABLE `t_class`  (
  `id` int(11) NOT NULL AUTO_INCREMENT,
  `count` int(11) NULL DEFAULT NULL COMMENT '班级总人数',
  `description` varchar(255) CHARACTER SET utf8mb4 COLLATE utf8mb4_general_ci NULL DEFAULT NULL COMMENT '班级简介',
  `name` varchar(255) CHARACTER SET utf8mb4 COLLATE utf8mb4_general_ci NULL DEFAULT NULL,
  PRIMARY KEY (`id`) USING BTREE
) ENGINE = InnoDB AUTO_INCREMENT = 29 CHARACTER SET = utf8mb4 COLLATE = utf8mb4_general_ci ROW_FORMAT = DYNAMIC;

-- ----------------------------
-- Records of t_class
-- ----------------------------
INSERT INTO `t_class` VALUES (26, 1231, '23', '学渣班');
INSERT INTO `t_class` VALUES (27, 123, '123', '学神班');
INSERT INTO `t_class` VALUES (28, 123, '123', '篮球班');

-- ----------------------------
-- Table structure for t_class_exam
-- ----------------------------
DROP TABLE IF EXISTS `t_class_exam`;
CREATE TABLE `t_class_exam`  (
  `id` int(11) NOT NULL,
  `class_id` int(11) NULL DEFAULT NULL COMMENT '班级id',
  `examarg_id` int(11) NULL DEFAULT NULL COMMENT '试卷id',
  PRIMARY KEY (`id`) USING BTREE
) ENGINE = InnoDB CHARACTER SET = utf8mb4 COLLATE = utf8mb4_general_ci ROW_FORMAT = DYNAMIC;

-- ----------------------------
-- Records of t_class_exam
-- ----------------------------

-- ----------------------------
-- Table structure for t_exam_argu_plan_room_relation
-- ----------------------------
DROP TABLE IF EXISTS `t_exam_argu_plan_room_relation`;
CREATE TABLE `t_exam_argu_plan_room_relation`  (
  `id` int(11) NOT NULL AUTO_INCREMENT COMMENT '考务管理表id',
  `exam_arguments_id` int(11) NULL DEFAULT NULL COMMENT '关联考试id',
  `exam_plan_id` int(11) NULL DEFAULT NULL COMMENT '考试计划表id',
  `exam_room_id` int(11) NULL DEFAULT NULL COMMENT '考场编排表id',
  PRIMARY KEY (`id`) USING BTREE
) ENGINE = InnoDB AUTO_INCREMENT = 26 CHARACTER SET = utf8 COLLATE = utf8_general_ci ROW_FORMAT = DYNAMIC;

-- ----------------------------
-- Records of t_exam_argu_plan_room_relation
-- ----------------------------
INSERT INTO `t_exam_argu_plan_room_relation` VALUES (1, 35, 1, 1);
INSERT INTO `t_exam_argu_plan_room_relation` VALUES (2, 36, 2, 2);
INSERT INTO `t_exam_argu_plan_room_relation` VALUES (3, 37, 3, 3);
INSERT INTO `t_exam_argu_plan_room_relation` VALUES (4, 38, 4, 4);
INSERT INTO `t_exam_argu_plan_room_relation` VALUES (5, 39, 5, 5);
INSERT INTO `t_exam_argu_plan_room_relation` VALUES (6, 40, 6, 6);
INSERT INTO `t_exam_argu_plan_room_relation` VALUES (7, 41, 7, 7);
INSERT INTO `t_exam_argu_plan_room_relation` VALUES (8, 42, 8, 8);
INSERT INTO `t_exam_argu_plan_room_relation` VALUES (9, 43, 9, 9);
INSERT INTO `t_exam_argu_plan_room_relation` VALUES (10, 44, 10, 10);
INSERT INTO `t_exam_argu_plan_room_relation` VALUES (11, 45, 11, 11);
INSERT INTO `t_exam_argu_plan_room_relation` VALUES (12, 46, 12, 12);
INSERT INTO `t_exam_argu_plan_room_relation` VALUES (13, 47, 13, 13);
INSERT INTO `t_exam_argu_plan_room_relation` VALUES (14, 48, 14, 14);
INSERT INTO `t_exam_argu_plan_room_relation` VALUES (15, 49, 15, 15);
INSERT INTO `t_exam_argu_plan_room_relation` VALUES (16, 50, 16, 16);
INSERT INTO `t_exam_argu_plan_room_relation` VALUES (17, 51, 17, 17);
INSERT INTO `t_exam_argu_plan_room_relation` VALUES (18, 52, 18, 18);
INSERT INTO `t_exam_argu_plan_room_relation` VALUES (19, 53, 19, 19);
INSERT INTO `t_exam_argu_plan_room_relation` VALUES (20, 54, 20, 20);
INSERT INTO `t_exam_argu_plan_room_relation` VALUES (21, 55, 21, 21);
INSERT INTO `t_exam_argu_plan_room_relation` VALUES (22, 54, 22, 22);
INSERT INTO `t_exam_argu_plan_room_relation` VALUES (23, 55, 23, 23);
INSERT INTO `t_exam_argu_plan_room_relation` VALUES (24, 56, 25, 24);
INSERT INTO `t_exam_argu_plan_room_relation` VALUES (25, 57, 26, 25);

-- ----------------------------
-- Table structure for t_exam_arguments
-- ----------------------------
DROP TABLE IF EXISTS `t_exam_arguments`;
CREATE TABLE `t_exam_arguments`  (
  `id` int(11) NOT NULL AUTO_INCREMENT COMMENT '考试参数表id',
  `exam_paper_id` int(11) NULL DEFAULT NULL COMMENT '考试试卷表关联id',
  `exam_start_time` datetime NULL DEFAULT NULL COMMENT '考试开始时间',
  `exam_end_time` datetime NULL DEFAULT NULL COMMENT '考试截止时间',
  `limit_submit_time` int(11) NULL DEFAULT 10 COMMENT '限时提交时间(...分钟内不允许提交)',
  `limit_enter_time` int(11) NULL DEFAULT 10 COMMENT '限时进入时间(....分钟后不允许参加考试)',
  `exam_batch` varchar(100) CHARACTER SET utf8mb4 COLLATE utf8mb4_general_ci NULL DEFAULT NULL COMMENT '考试批次',
  `exam_round` varchar(100) CHARACTER SET utf8mb4 COLLATE utf8mb4_general_ci NULL DEFAULT NULL COMMENT '考试场次',
  `enable_monitor` int(2) NULL DEFAULT 0 COMMENT '是否开启抓拍监控(0:关闭1:开启)',
  `limit_screen_count` int(5) NULL DEFAULT 5 COMMENT '识别到屏幕异常...次,强制收卷',
  `pass_score` int(10) NULL DEFAULT 60 COMMENT '及格标准',
  `allow_redo` int(10) NULL DEFAULT 0 COMMENT '考试截止日前运行重做....次',
  `allow_check_score` int(2) NULL DEFAULT 0 COMMENT '允许学生查看分数(0:不允许1:允许)',
  `allow_multidevice` varchar(255) CHARACTER SET utf8mb4 COLLATE utf8mb4_general_ci NULL DEFAULT '0' COMMENT '允许多终端考试(0:网页考试,1:app考试2:允许网页与app考试)',
  `teacher_name` varchar(100) CHARACTER SET utf8mb4 COLLATE utf8mb4_general_ci NULL DEFAULT NULL COMMENT '监考老师姓名',
  PRIMARY KEY (`id`) USING BTREE
) ENGINE = InnoDB AUTO_INCREMENT = 58 CHARACTER SET = utf8mb4 COLLATE = utf8mb4_general_ci ROW_FORMAT = DYNAMIC;

-- ----------------------------
-- Records of t_exam_arguments
-- ----------------------------
INSERT INTO `t_exam_arguments` VALUES (57, 40, '2022-09-15 00:00:00', '2022-10-15 00:00:00', 1000, 1000, '123', '123', 0, 0, 60, 0, 0, '0', '18631142256');

-- ----------------------------
-- Table structure for t_exam_info
-- ----------------------------
DROP TABLE IF EXISTS `t_exam_info`;
CREATE TABLE `t_exam_info`  (
  `id` int(11) NOT NULL AUTO_INCREMENT COMMENT 'exam_info_id',
  `exam_arguments_id` int(11) NULL DEFAULT NULL COMMENT 'exam_paper_id',
  `student_name` varchar(255) CHARACTER SET utf8mb4 COLLATE utf8mb4_general_ci NULL DEFAULT NULL COMMENT '考试姓名',
  `num_over_count` int(11) NULL DEFAULT 0 COMMENT '检测到考生人数大于1人次数',
  `exit_full_count` int(11) NULL DEFAULT 0 COMMENT '考生退出全屏次数',
  `non_live_count` int(11) NULL DEFAULT 0 COMMENT '检测到非活体次数',
  `check_sex` int(11) NULL DEFAULT NULL COMMENT '0:男，1:女',
  `before_exam_img` varchar(255) CHARACTER SET utf8mb4 COLLATE utf8mb4_general_ci NULL DEFAULT NULL COMMENT '考前人脸拍照照片(OSS存储)',
  `during_exam_img` varchar(255) CHARACTER SET utf8mb4 COLLATE utf8mb4_general_ci NULL DEFAULT NULL COMMENT '考试时抓拍图片(OSS存储)',
  `create_time` datetime NULL DEFAULT NULL COMMENT '创建记录时间',
  PRIMARY KEY (`id`) USING BTREE
) ENGINE = InnoDB AUTO_INCREMENT = 45 CHARACTER SET = utf8mb4 COLLATE = utf8mb4_general_ci ROW_FORMAT = DYNAMIC;

-- ----------------------------
-- Records of t_exam_info
-- ----------------------------
INSERT INTO `t_exam_info` VALUES (44, 57, '18631142258', 0, 0, 0, 0, 'https://examsystem-gdpu.oss-cn-guangzhou.aliyuncs.com/jiankao/0af327f47ffc4629b28661911b18554d.jpg', NULL, '2022-09-15 21:25:59');

-- ----------------------------
-- Table structure for t_exam_notice
-- ----------------------------
DROP TABLE IF EXISTS `t_exam_notice`;
CREATE TABLE `t_exam_notice`  (
  `id` int(11) NOT NULL AUTO_INCREMENT COMMENT '考试通知表id',
  `exam_arguments_id` int(11) NULL DEFAULT NULL COMMENT '关联考试参数表id',
  `user_id` int(11) NULL DEFAULT NULL COMMENT '用户id',
  `is_read` int(11) NULL DEFAULT 0 COMMENT '是否已读[0:未读;1:已读]',
  `create_time` datetime NULL DEFAULT NULL COMMENT '通知发放时间',
  PRIMARY KEY (`id`) USING BTREE
) ENGINE = InnoDB AUTO_INCREMENT = 27 CHARACTER SET = utf8mb4 COLLATE = utf8mb4_general_ci COMMENT = '考试通知表' ROW_FORMAT = DYNAMIC;

-- ----------------------------
-- Records of t_exam_notice
-- ----------------------------
INSERT INTO `t_exam_notice` VALUES (14, 57, 100030027, 0, '2022-09-15 20:45:30');
INSERT INTO `t_exam_notice` VALUES (15, 57, 100030014, 0, '2022-09-15 20:45:30');
INSERT INTO `t_exam_notice` VALUES (16, 57, 100030015, 0, '2022-09-15 20:45:30');
INSERT INTO `t_exam_notice` VALUES (17, 57, 100030017, 0, '2022-09-15 20:45:30');
INSERT INTO `t_exam_notice` VALUES (18, 57, 100030016, 0, '2022-09-15 20:45:30');
INSERT INTO `t_exam_notice` VALUES (19, 57, 100030020, 0, '2022-09-15 20:45:30');
INSERT INTO `t_exam_notice` VALUES (20, 57, 100030018, 0, '2022-09-15 20:45:30');
INSERT INTO `t_exam_notice` VALUES (21, 57, 100030026, 1, '2022-09-15 20:45:30');
INSERT INTO `t_exam_notice` VALUES (22, 57, 100030019, 0, '2022-09-15 20:45:30');
INSERT INTO `t_exam_notice` VALUES (23, 57, 100030012, 0, '2022-09-15 20:45:30');
INSERT INTO `t_exam_notice` VALUES (24, 57, 100030013, 0, '2022-09-15 20:45:30');
INSERT INTO `t_exam_notice` VALUES (25, 57, 100030011, 0, '2022-09-15 20:45:30');
INSERT INTO `t_exam_notice` VALUES (26, 57, 100030022, 0, '2022-09-15 20:45:30');

-- ----------------------------
-- Table structure for t_exam_paper
-- ----------------------------
DROP TABLE IF EXISTS `t_exam_paper`;
CREATE TABLE `t_exam_paper`  (
  `id` int(11) NOT NULL AUTO_INCREMENT,
  `name` varchar(255) CHARACTER SET utf8mb4 COLLATE utf8mb4_general_ci NULL DEFAULT NULL COMMENT '试卷名称',
  `subject_id` int(11) NULL DEFAULT NULL COMMENT '学科',
  `paper_type` int(11) NULL DEFAULT NULL COMMENT '试卷类型( 1固定试卷  2临时试卷 3班级试卷 4.时段试卷 5.推送试卷)',
  `grade_level` int(11) NULL DEFAULT NULL COMMENT '级别',
  `score` int(11) NULL DEFAULT NULL COMMENT '试卷总分(千分制)',
  `question_count` int(11) NULL DEFAULT NULL COMMENT '题目数量',
  `suggest_time` int(11) NULL DEFAULT NULL COMMENT '建议时长(分钟)',
  `limit_start_time` datetime NULL DEFAULT NULL COMMENT '时段试卷 开始时间',
  `limit_end_time` datetime NULL DEFAULT NULL COMMENT '时段试卷 结束时间',
  `frame_text_content_id` int(11) NULL DEFAULT NULL COMMENT '试卷框架 内容为JSON',
  `create_user` int(11) NULL DEFAULT NULL,
  `create_time` datetime NULL DEFAULT NULL,
  `deleted` bit(1) NULL DEFAULT NULL,
  `task_exam_id` int(11) NULL DEFAULT NULL,
  PRIMARY KEY (`id`) USING BTREE
) ENGINE = InnoDB AUTO_INCREMENT = 41 CHARACTER SET = utf8mb4 COLLATE = utf8mb4_general_ci ROW_FORMAT = COMPACT;

-- ----------------------------
-- Records of t_exam_paper
-- ----------------------------
INSERT INTO `t_exam_paper` VALUES (26, '试卷1', 2, 1, 1, 110, 2, 50, NULL, NULL, 63, 100030027, '2022-03-29 21:19:45', b'0', NULL);
INSERT INTO `t_exam_paper` VALUES (27, '试卷2', 2, 1, 1, 110, 2, 60, NULL, NULL, 71, 100030027, '2022-04-07 01:55:37', b'0', NULL);
INSERT INTO `t_exam_paper` VALUES (28, '测试试卷', 2, 1, 1, 10, 1, 90, NULL, NULL, 72, 100030027, '2022-04-08 11:58:16', b'0', NULL);
INSERT INTO `t_exam_paper` VALUES (29, '测试试卷1111', 2, 1, 1, 110, 2, 120, NULL, NULL, 73, 100030027, '2022-04-08 12:03:09', b'0', NULL);
INSERT INTO `t_exam_paper` VALUES (30, '测试试卷2222', 2, 6, 1, NULL, NULL, 20, NULL, NULL, NULL, 100030027, NULL, NULL, NULL);
INSERT INTO `t_exam_paper` VALUES (31, '测试试卷3333', 2, 6, 1, NULL, NULL, 20, NULL, NULL, NULL, 100030027, NULL, NULL, NULL);
INSERT INTO `t_exam_paper` VALUES (32, '测试试卷4444', 2, 6, 1, NULL, NULL, 20, NULL, NULL, 74, 100030027, '2022-04-09 07:07:19', NULL, NULL);
INSERT INTO `t_exam_paper` VALUES (33, '测试自动组卷1', 2, 6, 1, 100, 2, 20, NULL, NULL, 75, 100030027, '2022-04-09 07:08:55', b'0', NULL);
INSERT INTO `t_exam_paper` VALUES (34, '自动组卷-操作系统', 5, 1, 1, 100, 3, 120, NULL, NULL, 85, 100030027, '2022-04-09 14:20:50', b'0', NULL);
INSERT INTO `t_exam_paper` VALUES (35, '自动', 5, 1, NULL, 100, 3, 120, NULL, NULL, 86, 100030027, '2022-04-10 14:21:59', b'1', NULL);
INSERT INTO `t_exam_paper` VALUES (36, 'abc', 5, 1, NULL, 100, 4, 60, NULL, NULL, 87, 100030027, '2022-04-13 13:54:20', b'1', NULL);
INSERT INTO `t_exam_paper` VALUES (37, 'efg', 5, 1, NULL, 100, 5, 50, NULL, NULL, 88, 100030027, '2022-04-13 13:55:36', b'1', NULL);
INSERT INTO `t_exam_paper` VALUES (38, 'ghfj', 5, 1, NULL, 100, 6, 60, NULL, NULL, 89, 100030027, '2022-04-13 13:56:18', b'0', NULL);
INSERT INTO `t_exam_paper` VALUES (39, '《思想道德基础与法律修养》期末考试试卷', 6, 1, 1, 450, 4, 120, NULL, NULL, 94, 100030027, '2022-04-14 03:17:04', b'0', NULL);
INSERT INTO `t_exam_paper` VALUES (40, '《思想道德基础与法律修养》期末考试-自动组卷', 6, 1, NULL, 100, 3, 50, NULL, NULL, 95, 100030027, '2022-04-14 03:18:14', b'0', NULL);

-- ----------------------------
-- Table structure for t_exam_paper_answer
-- ----------------------------
DROP TABLE IF EXISTS `t_exam_paper_answer`;
CREATE TABLE `t_exam_paper_answer`  (
  `id` int(11) NOT NULL AUTO_INCREMENT,
  `exam_paper_id` int(11) NULL DEFAULT NULL,
  `paper_name` varchar(255) CHARACTER SET utf8mb4 COLLATE utf8mb4_general_ci NULL DEFAULT NULL COMMENT '试卷名称',
  `paper_type` int(11) NULL DEFAULT NULL COMMENT '试卷类型( 1固定试卷  2临时试卷 3班级试卷 4.时段试卷 )',
  `subject_id` int(11) NULL DEFAULT NULL COMMENT '学科',
  `system_score` int(11) NULL DEFAULT NULL COMMENT '系统判定得分',
  `user_score` int(11) NULL DEFAULT NULL COMMENT '最终得分(千分制)',
  `paper_score` int(11) NULL DEFAULT NULL COMMENT '试卷总分',
  `question_correct` int(11) NULL DEFAULT NULL COMMENT '做对题目数量',
  `question_count` int(11) NULL DEFAULT NULL COMMENT '题目总数量',
  `do_time` int(11) NULL DEFAULT NULL COMMENT '做题时间(秒)',
  `status` int(11) NULL DEFAULT NULL COMMENT '试卷状态(1待判分 2完成)',
  `create_user` int(11) NULL DEFAULT NULL COMMENT '学生',
  `create_time` datetime NULL DEFAULT NULL COMMENT '提交时间',
  `task_exam_id` int(11) NULL DEFAULT NULL,
  PRIMARY KEY (`id`) USING BTREE
) ENGINE = InnoDB AUTO_INCREMENT = 77 CHARACTER SET = utf8mb4 COLLATE = utf8mb4_general_ci ROW_FORMAT = COMPACT;

-- ----------------------------
-- Records of t_exam_paper_answer
-- ----------------------------
INSERT INTO `t_exam_paper_answer` VALUES (1, 1, '其中考试', 1, 1, 10, 10, 10, 1, 1, 3, 2, 100030026, '2022-01-19 11:46:09', NULL);
INSERT INTO `t_exam_paper_answer` VALUES (2, 1, '其中考试', 1, 1, 0, 0, 10, 0, 1, 2, 2, 100030026, '2022-01-19 11:46:36', NULL);
INSERT INTO `t_exam_paper_answer` VALUES (3, 2, '高三数学', 1, 2, 0, 0, 10, 0, 1, 2, 2, 100030026, '2022-01-28 19:40:24', NULL);
INSERT INTO `t_exam_paper_answer` VALUES (4, 2, '高三数学', 1, 2, 0, 0, 10, 0, 1, 1, 2, 100030026, '2022-01-28 19:40:49', NULL);
INSERT INTO `t_exam_paper_answer` VALUES (5, 2, '高三数学', 1, 2, 0, 0, 10, 0, 1, 3, 2, 100030026, '2022-01-28 19:42:11', NULL);
INSERT INTO `t_exam_paper_answer` VALUES (6, 2, '高三数学', 1, 2, 10, 10, 10, 1, 1, 1, 2, 100030026, '2022-01-28 19:42:26', NULL);
INSERT INTO `t_exam_paper_answer` VALUES (7, 3, '高三数学2', 1, 2, 0, 10, 10, 1, 1, 1, 2, 100030026, '2022-01-28 19:43:04', NULL);
INSERT INTO `t_exam_paper_answer` VALUES (8, 3, '高三数学2', 1, 2, 0, 10, 10, 1, 1, 1, 2, 100030026, '2022-01-28 19:43:48', NULL);
INSERT INTO `t_exam_paper_answer` VALUES (9, 3, '高三数学2', 1, 2, 0, 10, 10, 1, 1, 1, 2, 100030026, '2022-01-28 19:44:21', NULL);
INSERT INTO `t_exam_paper_answer` VALUES (10, 3, '高三数学2', 1, 2, 0, 10, 10, 1, 1, 4, 2, 100030026, '2022-02-27 13:38:07', NULL);
INSERT INTO `t_exam_paper_answer` VALUES (14, 7, '3月21日固定试卷', 1, 2, 0, 0, 100, 0, 1, 6, 2, 100030026, '2022-03-21 21:08:32', NULL);
INSERT INTO `t_exam_paper_answer` VALUES (15, 7, '3月21日固定试卷', 1, 2, 0, 0, 100, 0, 1, 6, 2, 100030026, '2022-03-21 21:18:42', NULL);
INSERT INTO `t_exam_paper_answer` VALUES (16, 6, '有单选和多选的试卷-1', 6, 2, 0, 10, 120, 1, 3, 5, 2, 100030026, '2022-03-21 21:19:18', 2);
INSERT INTO `t_exam_paper_answer` VALUES (17, 7, '3月21日固定试卷', 1, 2, 0, 0, 100, 0, 1, 600, 2, 100030026, '2022-03-22 14:09:34', NULL);
INSERT INTO `t_exam_paper_answer` VALUES (18, 7, '3月21日固定试卷', 1, 2, 0, 0, 100, 0, 1, 600, 2, 100030026, '2022-03-22 14:36:24', NULL);
INSERT INTO `t_exam_paper_answer` VALUES (19, 7, '3月21日固定试卷', 1, 2, 0, 0, 100, 0, 1, 600, 2, 100030026, '2022-03-22 14:51:06', NULL);
INSERT INTO `t_exam_paper_answer` VALUES (20, 7, '3月21日固定试卷', 1, 2, 0, 0, 100, 0, 1, 600, 2, 100030026, '2022-03-22 14:51:35', NULL);
INSERT INTO `t_exam_paper_answer` VALUES (21, 7, '3月21日固定试卷', 1, 2, 0, 0, 100, 0, 1, 600, 2, 100030026, '2022-03-22 21:10:47', NULL);
INSERT INTO `t_exam_paper_answer` VALUES (22, 7, '3月21日固定试卷', 1, 2, 0, 0, 100, 0, 1, 600, 2, 100030026, '2022-03-22 21:12:20', NULL);
INSERT INTO `t_exam_paper_answer` VALUES (23, 7, '3月21日固定试卷', 1, 2, 0, 0, 100, 0, 1, 600, 2, 100030026, '2022-03-22 21:42:45', NULL);
INSERT INTO `t_exam_paper_answer` VALUES (24, 7, '3月21日固定试卷', 1, 2, 0, 0, 100, 0, 1, 600, 2, 100030026, '2022-03-23 13:13:18', NULL);
INSERT INTO `t_exam_paper_answer` VALUES (25, 7, '3月21日固定试卷', 1, 2, 0, 0, 100, 0, 1, 600, 2, 100030026, '2022-03-23 16:01:19', NULL);
INSERT INTO `t_exam_paper_answer` VALUES (26, 7, '3月21日固定试卷', 1, 2, 0, 0, 100, 0, 1, 600, 2, 100030026, '2022-03-23 16:04:17', NULL);
INSERT INTO `t_exam_paper_answer` VALUES (27, 7, '3月21日固定试卷', 1, 2, 0, 0, 100, 0, 1, 600, 2, 100030026, '2022-03-23 17:44:26', NULL);
INSERT INTO `t_exam_paper_answer` VALUES (28, 7, '3月21日固定试卷', 1, 2, 0, 0, 100, 0, 1, 600, 2, 100030026, '2022-03-23 17:46:46', NULL);
INSERT INTO `t_exam_paper_answer` VALUES (29, 7, '3月21日固定试卷', 1, 2, 0, 0, 100, 0, 1, 600, 2, 100030026, '2022-03-23 18:03:44', NULL);
INSERT INTO `t_exam_paper_answer` VALUES (30, 7, '3月21日固定试卷', 1, 2, 0, 0, 100, 0, 1, 600, 2, 100030026, '2022-03-23 18:21:33', NULL);
INSERT INTO `t_exam_paper_answer` VALUES (31, 7, '3月21日固定试卷', 1, 2, 0, 0, 100, 0, 1, 600, 2, 100030026, '2022-03-23 20:38:36', NULL);
INSERT INTO `t_exam_paper_answer` VALUES (32, 7, '3月21日固定试卷', 1, 2, 0, 0, 100, 0, 1, 600, 2, 100030026, '2022-03-24 12:27:52', NULL);
INSERT INTO `t_exam_paper_answer` VALUES (33, 7, '3月21日固定试卷', 1, 2, 0, 0, 100, 0, 1, 600, 2, 100030026, '2022-03-24 13:56:04', NULL);
INSERT INTO `t_exam_paper_answer` VALUES (34, 7, '3月21日固定试卷', 1, 2, 0, 0, 100, 0, 1, 600, 2, 100030026, '2022-03-24 17:31:13', NULL);
INSERT INTO `t_exam_paper_answer` VALUES (35, 7, '3月21日固定试卷', 1, 2, 0, 0, 100, 0, 1, 600, 2, 100030026, '2022-03-24 17:32:06', NULL);
INSERT INTO `t_exam_paper_answer` VALUES (36, 7, '3月21日固定试卷', 1, 2, 0, 0, 100, 0, 1, 36, 2, 100030026, '2022-03-24 19:34:46', NULL);
INSERT INTO `t_exam_paper_answer` VALUES (37, 7, '3月21日固定试卷', 1, 2, 0, 0, 100, 0, 1, 13, 2, 100030026, '2022-03-24 19:38:20', NULL);
INSERT INTO `t_exam_paper_answer` VALUES (38, 7, '3月21日固定试卷', 1, 2, 0, 0, 100, 0, 1, 24, 2, 100030026, '2022-03-24 19:39:46', NULL);
INSERT INTO `t_exam_paper_answer` VALUES (39, 7, '3月21日固定试卷', 1, 2, 0, 0, 100, 0, 1, 600, 2, 100030026, '2022-03-24 19:47:57', NULL);
INSERT INTO `t_exam_paper_answer` VALUES (40, 7, '3月21日固定试卷', 1, 2, 0, 0, 100, 0, 1, 25, 2, 100030026, '2022-03-24 21:04:30', NULL);
INSERT INTO `t_exam_paper_answer` VALUES (41, 8, '3月25日的固定数学试卷', 1, 2, 0, 0, 140, 0, 5, 300, 1, 100030026, '2022-03-25 12:10:50', NULL);
INSERT INTO `t_exam_paper_answer` VALUES (42, 8, '3月25日的固定数学试卷', 1, 2, 0, 0, 140, 0, 5, 300, 1, 100030026, '2022-03-25 12:28:19', NULL);
INSERT INTO `t_exam_paper_answer` VALUES (43, 8, '3月25日的固定数学试卷', 1, 2, 0, 0, 140, 0, 5, 86, 1, 100030026, '2022-03-25 12:36:12', NULL);
INSERT INTO `t_exam_paper_answer` VALUES (44, 8, '3月25日的固定数学试卷', 1, 2, 0, 0, 140, 0, 5, 242, 1, 100030026, '2022-03-25 20:37:40', NULL);
INSERT INTO `t_exam_paper_answer` VALUES (45, 8, '3月25日的固定数学试卷', 1, 2, 0, 0, 140, 0, 5, 106, 1, 100030026, '2022-03-25 20:51:27', NULL);
INSERT INTO `t_exam_paper_answer` VALUES (46, 8, '3月25日的固定数学试卷', 1, 2, 0, 0, 140, 0, 5, 300, 1, 100030026, '2022-03-26 19:39:45', NULL);
INSERT INTO `t_exam_paper_answer` VALUES (47, 8, '3月25日的固定数学试卷', 1, 2, 0, 0, 140, 0, 5, 85, 1, 100030026, '2022-03-26 19:43:30', NULL);
INSERT INTO `t_exam_paper_answer` VALUES (48, 10, '中级任务二', 1, 2, 0, 0, 0, 0, 1, 1200, 2, 100030026, '2022-03-26 21:07:22', NULL);
INSERT INTO `t_exam_paper_answer` VALUES (49, 14, '123', 1, 2, 0, 0, 100, 0, 1, 6, 2, 100030026, '2022-03-27 20:31:52', NULL);
INSERT INTO `t_exam_paper_answer` VALUES (50, 14, '123', 1, 2, 0, 0, 100, 0, 1, 76, 2, 100030026, '2022-03-27 20:33:18', NULL);
INSERT INTO `t_exam_paper_answer` VALUES (51, 15, '测试试卷111', 1, 2, 0, 0, 100, 0, 1, 53, 2, 100030026, '2022-03-27 20:44:03', NULL);
INSERT INTO `t_exam_paper_answer` VALUES (52, 18, '3月28考试', 1, 2, 0, 0, 100, 0, 1, 8, 2, 100030026, '2022-03-28 14:13:14', NULL);
INSERT INTO `t_exam_paper_answer` VALUES (53, 18, '3月28考试', 1, 2, 0, 0, 100, 0, 1, 162, 2, 100030026, '2022-03-28 14:24:54', NULL);
INSERT INTO `t_exam_paper_answer` VALUES (54, 18, '3月28考试', 1, 2, 0, 0, 100, 0, 1, 67, 2, 100030026, '2022-03-28 14:26:12', NULL);
INSERT INTO `t_exam_paper_answer` VALUES (55, 21, '3月29日测试试卷1', 1, 2, 0, 0, 100, 0, 1, 7200, 2, 100030026, '2022-03-29 18:41:11', NULL);
INSERT INTO `t_exam_paper_answer` VALUES (56, 22, '试卷试卷329', 1, 2, 0, 0, 110, 0, 2, 272, 2, 100030026, '2022-03-29 19:45:17', NULL);
INSERT INTO `t_exam_paper_answer` VALUES (57, 26, '试卷1', 1, 2, 0, 0, 10, 0, 1, 34, 1, 100030026, '2022-03-29 21:21:44', NULL);
INSERT INTO `t_exam_paper_answer` VALUES (58, 26, '试卷1', 1, 2, 0, 0, 110, 0, 2, 26, 1, 100030026, '2022-03-30 14:40:35', NULL);
INSERT INTO `t_exam_paper_answer` VALUES (59, 26, '试卷1', 1, 2, 0, 0, 110, 0, 2, 308, 1, 100030026, '2022-03-30 16:21:45', NULL);
INSERT INTO `t_exam_paper_answer` VALUES (60, 26, '试卷1', 1, 2, 0, 0, 110, 0, 2, 3000, 1, 100030026, '2022-03-30 22:55:40', NULL);
INSERT INTO `t_exam_paper_answer` VALUES (61, 26, '试卷1', 1, 2, 0, 0, 110, 0, 2, 401, 1, 100030026, '2022-03-31 12:41:02', NULL);
INSERT INTO `t_exam_paper_answer` VALUES (62, 26, '试卷1', 1, 2, 0, 0, 110, 0, 2, 24, 1, 100030026, '2022-03-31 13:05:37', NULL);
INSERT INTO `t_exam_paper_answer` VALUES (63, 26, '试卷1', 1, 2, 0, 0, 110, 0, 2, 145, 1, 100030026, '2022-03-31 20:36:35', NULL);
INSERT INTO `t_exam_paper_answer` VALUES (64, 27, '试卷2', 1, 2, 0, 0, 110, 0, 2, 10, 2, 100030026, '2022-04-07 02:38:45', NULL);
INSERT INTO `t_exam_paper_answer` VALUES (65, 28, '测试试卷', 1, 2, 0, 0, 10, 0, 1, 117, 2, 100030026, '2022-04-08 12:01:41', NULL);
INSERT INTO `t_exam_paper_answer` VALUES (66, 29, '测试试卷1111', 1, 2, 0, 0, 110, 0, 2, 63, 2, 100030026, '2022-04-08 12:05:28', NULL);
INSERT INTO `t_exam_paper_answer` VALUES (67, 34, '自动组卷-操作系统', 1, 5, 0, 0, 100, 0, 3, 191, 2, 100030026, '2022-04-10 06:04:40', NULL);
INSERT INTO `t_exam_paper_answer` VALUES (68, 35, '自动', 1, 5, 150, 150, 100, 2, 3, 6, 2, 100030026, '2022-04-13 10:56:46', NULL);
INSERT INTO `t_exam_paper_answer` VALUES (69, 35, '自动', 1, 5, 0, 0, 100, 0, 3, 61, 2, 100030026, '2022-04-13 13:59:05', NULL);
INSERT INTO `t_exam_paper_answer` VALUES (70, 35, '自动', 1, 5, 50, 50, 100, 1, 3, 34, 2, 100030026, '2022-04-13 14:07:08', NULL);
INSERT INTO `t_exam_paper_answer` VALUES (71, 40, '《思想道德基础与法律修养》期末考试-自动组卷', 1, 6, 0, 0, 100, 0, 3, 106, 2, 100030026, '2022-04-14 06:32:14', NULL);
INSERT INTO `t_exam_paper_answer` VALUES (72, 38, 'ghfj', 1, 5, 150, 150, 100, 2, 6, 36, 2, 100030026, '2022-08-29 16:13:20', NULL);
INSERT INTO `t_exam_paper_answer` VALUES (73, 40, '《思想道德基础与法律修养》期末考试-自动组卷', 1, 6, 0, 0, 100, 0, 3, 105, 2, 100030026, '2022-08-31 14:39:17', NULL);
INSERT INTO `t_exam_paper_answer` VALUES (74, 38, 'ghfj', 1, 5, 0, 0, 100, 0, 6, 57, 2, 100030026, '2022-09-02 09:56:19', NULL);
INSERT INTO `t_exam_paper_answer` VALUES (75, 40, '《思想道德基础与法律修养》期末考试-自动组卷', 1, 6, 100, 100, 100, 1, 3, 110, 2, 100030026, '2022-09-15 14:23:02', NULL);
INSERT INTO `t_exam_paper_answer` VALUES (76, 40, '《思想道德基础与法律修养》期末考试-自动组卷', 1, 6, 100, 100, 100, 1, 3, 47, 2, 100030026, '2022-09-16 14:01:01', NULL);

-- ----------------------------
-- Table structure for t_exam_paper_question_customer_answer
-- ----------------------------
DROP TABLE IF EXISTS `t_exam_paper_question_customer_answer`;
CREATE TABLE `t_exam_paper_question_customer_answer`  (
  `id` int(11) NOT NULL AUTO_INCREMENT,
  `question_id` int(11) NULL DEFAULT NULL COMMENT '题目Id',
  `exam_paper_id` int(11) NULL DEFAULT NULL COMMENT '答案Id',
  `exam_paper_answer_id` int(11) NULL DEFAULT NULL,
  `question_type` int(11) NULL DEFAULT NULL COMMENT '题型',
  `subject_id` int(11) NULL DEFAULT NULL COMMENT '学科',
  `customer_score` int(11) NULL DEFAULT NULL COMMENT '得分',
  `question_score` int(11) NULL DEFAULT NULL COMMENT '题目原始分数',
  `question_text_content_id` int(11) NULL DEFAULT NULL COMMENT '问题内容',
  `answer` varchar(255) CHARACTER SET utf8mb4 COLLATE utf8mb4_general_ci NULL DEFAULT NULL COMMENT '做题答案',
  `text_content_id` int(11) NULL DEFAULT NULL COMMENT '做题内容',
  `do_right` bit(1) NULL DEFAULT NULL COMMENT '是否正确',
  `create_user` int(11) NULL DEFAULT NULL COMMENT '做题人',
  `create_time` datetime NULL DEFAULT NULL,
  `item_order` int(11) NULL DEFAULT NULL,
  PRIMARY KEY (`id`) USING BTREE
) ENGINE = InnoDB AUTO_INCREMENT = 142 CHARACTER SET = utf8mb4 COLLATE = utf8mb4_general_ci ROW_FORMAT = COMPACT;

-- ----------------------------
-- Records of t_exam_paper_question_customer_answer
-- ----------------------------
INSERT INTO `t_exam_paper_question_customer_answer` VALUES (1, 1, 1, 1, 1, 1, 10, 10, 1, 'A', NULL, b'1', 3, '2022-01-19 11:46:09', 1);
INSERT INTO `t_exam_paper_question_customer_answer` VALUES (2, 1, 1, 2, 1, 1, 0, 10, 1, 'D', NULL, b'0', 3, '2022-01-19 11:46:36', 1);
INSERT INTO `t_exam_paper_question_customer_answer` VALUES (3, 2, 2, 3, 1, 2, 0, 10, 3, 'D', NULL, b'0', 1, '2022-01-28 19:40:24', 1);
INSERT INTO `t_exam_paper_question_customer_answer` VALUES (4, 2, 2, 4, 1, 2, 0, 10, 3, 'D', NULL, b'0', 1, '2022-01-28 19:40:49', 1);
INSERT INTO `t_exam_paper_question_customer_answer` VALUES (5, 2, 2, 5, 1, 2, 0, 10, 3, NULL, NULL, b'0', 1, '2022-01-28 19:42:11', 1);
INSERT INTO `t_exam_paper_question_customer_answer` VALUES (6, 2, 2, 6, 1, 2, 10, 10, 3, 'C', NULL, b'1', 1, '2022-01-28 19:42:26', 1);
INSERT INTO `t_exam_paper_question_customer_answer` VALUES (7, 3, 3, 7, 4, 2, 10, 10, 5, NULL, 7, b'1', 1, '2022-01-28 19:43:04', 1);
INSERT INTO `t_exam_paper_question_customer_answer` VALUES (8, 3, 3, 8, 4, 2, 10, 10, 5, NULL, 8, b'1', 1, '2022-01-28 19:43:48', 1);
INSERT INTO `t_exam_paper_question_customer_answer` VALUES (9, 3, 3, 9, 4, 2, 10, 10, 5, NULL, 9, b'1', 1, '2022-01-28 19:44:21', 1);
INSERT INTO `t_exam_paper_question_customer_answer` VALUES (10, 3, 3, 10, 4, 2, 10, 10, 5, NULL, 10, b'1', 1, '2022-02-27 13:38:07', 1);
INSERT INTO `t_exam_paper_question_customer_answer` VALUES (11, 5, 7, 11, 2, 2, 0, 100, 15, 'C,D', NULL, b'0', 1, '2022-03-21 20:29:53', 1);
INSERT INTO `t_exam_paper_question_customer_answer` VALUES (12, 5, 7, 12, 2, 2, 0, 100, 15, 'C,D', NULL, b'0', 1, '2022-03-21 20:51:08', 1);
INSERT INTO `t_exam_paper_question_customer_answer` VALUES (13, 5, 7, 13, 2, 2, 0, 100, 15, 'C,D', NULL, b'0', 1, '2022-03-21 20:52:44', 1);
INSERT INTO `t_exam_paper_question_customer_answer` VALUES (14, 5, 7, 14, 2, 2, 0, 100, 15, 'C,D', NULL, b'0', 1, '2022-03-21 21:08:32', 1);
INSERT INTO `t_exam_paper_question_customer_answer` VALUES (15, 5, 7, 15, 2, 2, 0, 100, 15, 'C,D', NULL, b'0', 1, '2022-03-21 21:18:42', 1);
INSERT INTO `t_exam_paper_question_customer_answer` VALUES (16, 2, 6, 16, 1, 2, 0, 10, 3, 'D', NULL, b'0', 1, '2022-03-21 21:19:18', 1);
INSERT INTO `t_exam_paper_question_customer_answer` VALUES (17, 5, 6, 16, 2, 2, 0, 100, 15, 'B,C', NULL, b'0', 1, '2022-03-21 21:19:18', 2);
INSERT INTO `t_exam_paper_question_customer_answer` VALUES (18, 3, 6, 16, 4, 2, 10, 10, 5, NULL, 19, b'1', 1, '2022-03-21 21:19:18', 3);
INSERT INTO `t_exam_paper_question_customer_answer` VALUES (19, 5, 7, 17, 2, 2, 0, 100, 15, '', NULL, b'0', 1, '2022-03-22 14:09:34', 1);
INSERT INTO `t_exam_paper_question_customer_answer` VALUES (20, 5, 7, 18, 2, 2, 0, 100, 15, '', NULL, b'0', 1, '2022-03-22 14:36:24', 1);
INSERT INTO `t_exam_paper_question_customer_answer` VALUES (21, 5, 7, 19, 2, 2, 0, 100, 15, '', NULL, b'0', 1, '2022-03-22 14:51:06', 1);
INSERT INTO `t_exam_paper_question_customer_answer` VALUES (22, 5, 7, 20, 2, 2, 0, 100, 15, '', NULL, b'0', 1, '2022-03-22 14:51:35', 1);
INSERT INTO `t_exam_paper_question_customer_answer` VALUES (23, 5, 7, 21, 2, 2, 0, 100, 15, '', NULL, b'0', 1, '2022-03-22 21:10:47', 1);
INSERT INTO `t_exam_paper_question_customer_answer` VALUES (24, 5, 7, 22, 2, 2, 0, 100, 15, '', NULL, b'0', 1, '2022-03-22 21:12:20', 1);
INSERT INTO `t_exam_paper_question_customer_answer` VALUES (25, 5, 7, 23, 2, 2, 0, 100, 15, '', NULL, b'0', 1, '2022-03-22 21:42:45', 1);
INSERT INTO `t_exam_paper_question_customer_answer` VALUES (26, 5, 7, 24, 2, 2, 0, 100, 15, '', NULL, b'0', 1, '2022-03-23 13:13:18', 1);
INSERT INTO `t_exam_paper_question_customer_answer` VALUES (27, 5, 7, 25, 2, 2, 0, 100, 15, '', NULL, b'0', 1, '2022-03-23 16:01:19', 1);
INSERT INTO `t_exam_paper_question_customer_answer` VALUES (28, 5, 7, 26, 2, 2, 0, 100, 15, '', NULL, b'0', 1, '2022-03-23 16:04:17', 1);
INSERT INTO `t_exam_paper_question_customer_answer` VALUES (29, 5, 7, 27, 2, 2, 0, 100, 15, '', NULL, b'0', 1, '2022-03-23 17:44:26', 1);
INSERT INTO `t_exam_paper_question_customer_answer` VALUES (30, 5, 7, 28, 2, 2, 0, 100, 15, '', NULL, b'0', 1, '2022-03-23 17:46:46', 1);
INSERT INTO `t_exam_paper_question_customer_answer` VALUES (31, 5, 7, 29, 2, 2, 0, 100, 15, '', NULL, b'0', 1, '2022-03-23 18:03:44', 1);
INSERT INTO `t_exam_paper_question_customer_answer` VALUES (32, 5, 7, 30, 2, 2, 0, 100, 15, '', NULL, b'0', 1, '2022-03-23 18:21:33', 1);
INSERT INTO `t_exam_paper_question_customer_answer` VALUES (33, 5, 7, 31, 2, 2, 0, 100, 15, '', NULL, b'0', 1, '2022-03-23 20:38:36', 1);
INSERT INTO `t_exam_paper_question_customer_answer` VALUES (34, 5, 7, 32, 2, 2, 0, 100, 15, '', NULL, b'0', 1, '2022-03-24 12:27:52', 1);
INSERT INTO `t_exam_paper_question_customer_answer` VALUES (35, 5, 7, 33, 2, 2, 0, 100, 15, '', NULL, b'0', 1, '2022-03-24 13:56:04', 1);
INSERT INTO `t_exam_paper_question_customer_answer` VALUES (36, 5, 7, 34, 2, 2, 0, 100, 15, '', NULL, b'0', 1, '2022-03-24 17:31:13', 1);
INSERT INTO `t_exam_paper_question_customer_answer` VALUES (37, 5, 7, 35, 2, 2, 0, 100, 15, '', NULL, b'0', 1, '2022-03-24 17:32:06', 1);
INSERT INTO `t_exam_paper_question_customer_answer` VALUES (38, 5, 7, 36, 2, 2, 0, 100, 15, '', NULL, b'0', 1, '2022-03-24 19:34:46', 1);
INSERT INTO `t_exam_paper_question_customer_answer` VALUES (39, 5, 7, 37, 2, 2, 0, 100, 15, '', NULL, b'0', 1, '2022-03-24 19:38:20', 1);
INSERT INTO `t_exam_paper_question_customer_answer` VALUES (40, 5, 7, 38, 2, 2, 0, 100, 15, '', NULL, b'0', 1, '2022-03-24 19:39:46', 1);
INSERT INTO `t_exam_paper_question_customer_answer` VALUES (41, 5, 7, 39, 2, 2, 0, 100, 15, '', NULL, b'0', 1, '2022-03-24 19:47:57', 1);
INSERT INTO `t_exam_paper_question_customer_answer` VALUES (42, 5, 7, 40, 2, 2, 0, 100, 15, '', NULL, b'0', 1, '2022-03-24 21:04:30', 1);
INSERT INTO `t_exam_paper_question_customer_answer` VALUES (43, 2, 8, 41, 1, 2, 0, 10, 3, NULL, NULL, b'0', 1, '2022-03-25 12:10:50', 1);
INSERT INTO `t_exam_paper_question_customer_answer` VALUES (44, 5, 8, 41, 2, 2, 0, 100, 15, '', NULL, b'0', 1, '2022-03-25 12:10:50', 2);
INSERT INTO `t_exam_paper_question_customer_answer` VALUES (45, 7, 8, 41, 4, 2, 0, 10, 22, NULL, 25, NULL, 1, '2022-03-25 12:10:50', 3);
INSERT INTO `t_exam_paper_question_customer_answer` VALUES (46, 3, 8, 41, 4, 2, 0, 10, 5, NULL, 26, NULL, 1, '2022-03-25 12:10:50', 4);
INSERT INTO `t_exam_paper_question_customer_answer` VALUES (47, 8, 8, 41, 5, 2, 0, 10, 23, NULL, 27, NULL, 1, '2022-03-25 12:10:50', 5);
INSERT INTO `t_exam_paper_question_customer_answer` VALUES (48, 2, 8, 42, 1, 2, 0, 10, 3, NULL, NULL, b'0', 1, '2022-03-25 12:28:19', 1);
INSERT INTO `t_exam_paper_question_customer_answer` VALUES (49, 5, 8, 42, 2, 2, 0, 100, 15, '', NULL, b'0', 1, '2022-03-25 12:28:19', 2);
INSERT INTO `t_exam_paper_question_customer_answer` VALUES (50, 7, 8, 42, 4, 2, 0, 10, 22, NULL, 28, NULL, 1, '2022-03-25 12:28:19', 3);
INSERT INTO `t_exam_paper_question_customer_answer` VALUES (51, 3, 8, 42, 4, 2, 0, 10, 5, NULL, 29, NULL, 1, '2022-03-25 12:28:19', 4);
INSERT INTO `t_exam_paper_question_customer_answer` VALUES (52, 8, 8, 42, 5, 2, 0, 10, 23, NULL, 30, NULL, 1, '2022-03-25 12:28:19', 5);
INSERT INTO `t_exam_paper_question_customer_answer` VALUES (53, 2, 8, 43, 1, 2, 0, 10, 3, NULL, NULL, b'0', 1, '2022-03-25 12:36:12', 1);
INSERT INTO `t_exam_paper_question_customer_answer` VALUES (54, 5, 8, 43, 2, 2, 0, 100, 15, '', NULL, b'0', 1, '2022-03-25 12:36:12', 2);
INSERT INTO `t_exam_paper_question_customer_answer` VALUES (55, 7, 8, 43, 4, 2, 0, 10, 22, NULL, 32, NULL, 1, '2022-03-25 12:36:12', 3);
INSERT INTO `t_exam_paper_question_customer_answer` VALUES (56, 3, 8, 43, 4, 2, 0, 10, 5, NULL, 33, NULL, 1, '2022-03-25 12:36:12', 4);
INSERT INTO `t_exam_paper_question_customer_answer` VALUES (57, 8, 8, 43, 5, 2, 0, 10, 23, NULL, 34, NULL, 1, '2022-03-25 12:36:12', 5);
INSERT INTO `t_exam_paper_question_customer_answer` VALUES (58, 2, 8, 44, 1, 2, 0, 10, 3, NULL, NULL, b'0', 1, '2022-03-25 20:37:40', 1);
INSERT INTO `t_exam_paper_question_customer_answer` VALUES (59, 5, 8, 44, 2, 2, 0, 100, 15, '', NULL, b'0', 1, '2022-03-25 20:37:40', 2);
INSERT INTO `t_exam_paper_question_customer_answer` VALUES (60, 7, 8, 44, 4, 2, 0, 10, 22, NULL, 35, NULL, 1, '2022-03-25 20:37:40', 3);
INSERT INTO `t_exam_paper_question_customer_answer` VALUES (61, 3, 8, 44, 4, 2, 0, 10, 5, NULL, 36, NULL, 1, '2022-03-25 20:37:40', 4);
INSERT INTO `t_exam_paper_question_customer_answer` VALUES (62, 8, 8, 44, 5, 2, 0, 10, 23, NULL, 37, NULL, 1, '2022-03-25 20:37:40', 5);
INSERT INTO `t_exam_paper_question_customer_answer` VALUES (63, 2, 8, 45, 1, 2, 0, 10, 3, NULL, NULL, b'0', 1, '2022-03-25 20:51:27', 1);
INSERT INTO `t_exam_paper_question_customer_answer` VALUES (64, 5, 8, 45, 2, 2, 0, 100, 15, '', NULL, b'0', 1, '2022-03-25 20:51:27', 2);
INSERT INTO `t_exam_paper_question_customer_answer` VALUES (65, 7, 8, 45, 4, 2, 0, 10, 22, NULL, 38, NULL, 1, '2022-03-25 20:51:27', 3);
INSERT INTO `t_exam_paper_question_customer_answer` VALUES (66, 3, 8, 45, 4, 2, 0, 10, 5, NULL, 39, NULL, 1, '2022-03-25 20:51:27', 4);
INSERT INTO `t_exam_paper_question_customer_answer` VALUES (67, 8, 8, 45, 5, 2, 0, 10, 23, NULL, 40, NULL, 1, '2022-03-25 20:51:27', 5);
INSERT INTO `t_exam_paper_question_customer_answer` VALUES (68, 2, 8, 46, 1, 2, 0, 10, 3, NULL, NULL, b'0', 1, '2022-03-26 19:39:45', 1);
INSERT INTO `t_exam_paper_question_customer_answer` VALUES (69, 5, 8, 46, 2, 2, 0, 100, 15, '', NULL, b'0', 1, '2022-03-26 19:39:45', 2);
INSERT INTO `t_exam_paper_question_customer_answer` VALUES (70, 7, 8, 46, 4, 2, 0, 10, 22, NULL, 43, NULL, 1, '2022-03-26 19:39:45', 3);
INSERT INTO `t_exam_paper_question_customer_answer` VALUES (71, 3, 8, 46, 4, 2, 0, 10, 5, NULL, 44, NULL, 1, '2022-03-26 19:39:45', 4);
INSERT INTO `t_exam_paper_question_customer_answer` VALUES (72, 8, 8, 46, 5, 2, 0, 10, 23, NULL, 45, NULL, 1, '2022-03-26 19:39:45', 5);
INSERT INTO `t_exam_paper_question_customer_answer` VALUES (73, 2, 8, 47, 1, 2, 0, 10, 3, NULL, NULL, b'0', 1, '2022-03-26 19:43:30', 1);
INSERT INTO `t_exam_paper_question_customer_answer` VALUES (74, 5, 8, 47, 2, 2, 0, 100, 15, '', NULL, b'0', 1, '2022-03-26 19:43:30', 2);
INSERT INTO `t_exam_paper_question_customer_answer` VALUES (75, 7, 8, 47, 4, 2, 0, 10, 22, NULL, 46, NULL, 1, '2022-03-26 19:43:30', 3);
INSERT INTO `t_exam_paper_question_customer_answer` VALUES (76, 3, 8, 47, 4, 2, 0, 10, 5, NULL, 47, NULL, 1, '2022-03-26 19:43:30', 4);
INSERT INTO `t_exam_paper_question_customer_answer` VALUES (77, 8, 8, 47, 5, 2, 0, 10, 23, NULL, 48, NULL, 1, '2022-03-26 19:43:30', 5);
INSERT INTO `t_exam_paper_question_customer_answer` VALUES (78, 2, 10, 48, 1, 2, 0, 10, 3, NULL, NULL, b'0', 1, '2022-03-26 21:07:22', 1);
INSERT INTO `t_exam_paper_question_customer_answer` VALUES (79, 5, 14, 49, 2, 2, 0, 100, 15, '', NULL, b'0', 1, '2022-03-27 20:31:52', 1);
INSERT INTO `t_exam_paper_question_customer_answer` VALUES (80, 5, 14, 50, 2, 2, 0, 100, 15, '', NULL, b'0', 1, '2022-03-27 20:33:18', 1);
INSERT INTO `t_exam_paper_question_customer_answer` VALUES (81, 5, 15, 51, 2, 2, 0, 100, 15, '', NULL, b'0', 1, '2022-03-27 20:44:03', 1);
INSERT INTO `t_exam_paper_question_customer_answer` VALUES (82, 5, 18, 52, 2, 2, 0, 100, 15, 'C,D', NULL, b'0', 1, '2022-03-28 14:13:14', 1);
INSERT INTO `t_exam_paper_question_customer_answer` VALUES (83, 5, 18, 53, 2, 2, 0, 100, 15, '', NULL, b'0', 1, '2022-03-28 14:24:54', 1);
INSERT INTO `t_exam_paper_question_customer_answer` VALUES (84, 5, 18, 54, 2, 2, 0, 100, 15, 'B,C', NULL, b'0', 1, '2022-03-28 14:26:12', 1);
INSERT INTO `t_exam_paper_question_customer_answer` VALUES (85, 5, 21, 55, 2, 2, 0, 100, 15, '', NULL, b'0', 1, '2022-03-29 18:41:11', 1);
INSERT INTO `t_exam_paper_question_customer_answer` VALUES (86, 2, 22, 56, 1, 2, 0, 10, 3, 'D', NULL, b'0', 1, '2022-03-29 19:45:17', 1);
INSERT INTO `t_exam_paper_question_customer_answer` VALUES (87, 5, 22, 56, 2, 2, 0, 100, 15, 'C', NULL, b'0', 1, '2022-03-29 19:45:17', 2);
INSERT INTO `t_exam_paper_question_customer_answer` VALUES (88, 8, 26, 57, 5, 2, 0, 10, 23, NULL, 64, NULL, 1, '2022-03-29 21:21:44', 1);
INSERT INTO `t_exam_paper_question_customer_answer` VALUES (89, 8, 26, 58, 5, 2, 0, 10, 23, NULL, 65, NULL, 1, '2022-03-30 14:40:35', 1);
INSERT INTO `t_exam_paper_question_customer_answer` VALUES (90, 5, 26, 58, 2, 2, 0, 100, 15, 'C,D', NULL, b'0', 1, '2022-03-30 14:40:35', 2);
INSERT INTO `t_exam_paper_question_customer_answer` VALUES (91, 8, 26, 59, 5, 2, 0, 10, 23, NULL, 66, NULL, 1, '2022-03-30 16:21:45', 1);
INSERT INTO `t_exam_paper_question_customer_answer` VALUES (92, 5, 26, 59, 2, 2, 0, 100, 15, '', NULL, b'0', 1, '2022-03-30 16:21:45', 2);
INSERT INTO `t_exam_paper_question_customer_answer` VALUES (93, 8, 26, 60, 5, 2, 0, 10, 23, NULL, 67, NULL, 1, '2022-03-30 22:55:40', 1);
INSERT INTO `t_exam_paper_question_customer_answer` VALUES (94, 5, 26, 60, 2, 2, 0, 100, 15, '', NULL, b'0', 1, '2022-03-30 22:55:40', 2);
INSERT INTO `t_exam_paper_question_customer_answer` VALUES (95, 8, 26, 61, 5, 2, 0, 10, 23, NULL, 68, NULL, 1, '2022-03-31 12:41:02', 1);
INSERT INTO `t_exam_paper_question_customer_answer` VALUES (96, 5, 26, 61, 2, 2, 0, 100, 15, '', NULL, b'0', 1, '2022-03-31 12:41:02', 2);
INSERT INTO `t_exam_paper_question_customer_answer` VALUES (97, 8, 26, 62, 5, 2, 0, 10, 23, NULL, 69, NULL, 1, '2022-03-31 13:05:37', 1);
INSERT INTO `t_exam_paper_question_customer_answer` VALUES (98, 5, 26, 62, 2, 2, 0, 100, 15, '', NULL, b'0', 1, '2022-03-31 13:05:37', 2);
INSERT INTO `t_exam_paper_question_customer_answer` VALUES (99, 8, 26, 63, 5, 2, 0, 10, 23, NULL, 70, NULL, 1, '2022-03-31 20:36:35', 1);
INSERT INTO `t_exam_paper_question_customer_answer` VALUES (100, 5, 26, 63, 2, 2, 0, 100, 15, '', NULL, b'0', 1, '2022-03-31 20:36:35', 2);
INSERT INTO `t_exam_paper_question_customer_answer` VALUES (101, 5, 27, 64, 2, 2, 0, 100, 15, 'B,C', NULL, b'0', 1, '2022-04-07 02:38:45', 1);
INSERT INTO `t_exam_paper_question_customer_answer` VALUES (102, 2, 27, 64, 1, 2, 0, 10, 3, 'B', NULL, b'0', 1, '2022-04-07 02:38:45', 2);
INSERT INTO `t_exam_paper_question_customer_answer` VALUES (103, 2, 28, 65, 1, 2, 0, 10, 3, 'D', NULL, b'0', 1, '2022-04-08 12:01:41', 1);
INSERT INTO `t_exam_paper_question_customer_answer` VALUES (104, 2, 29, 66, 1, 2, 0, 10, 3, NULL, NULL, b'0', 1, '2022-04-08 12:05:28', 1);
INSERT INTO `t_exam_paper_question_customer_answer` VALUES (105, 5, 29, 66, 2, 2, 0, 100, 15, '', NULL, b'0', 1, '2022-04-08 12:05:28', 2);
INSERT INTO `t_exam_paper_question_customer_answer` VALUES (106, 10, 34, 67, 1, 5, 0, 200, 77, 'A', NULL, b'0', 1, '2022-04-10 06:04:40', 1);
INSERT INTO `t_exam_paper_question_customer_answer` VALUES (107, 11, 34, 67, 1, 5, 0, 100, 78, 'B', NULL, b'0', 1, '2022-04-10 06:04:40', 2);
INSERT INTO `t_exam_paper_question_customer_answer` VALUES (108, 13, 34, 67, 1, 5, 0, 100, 80, 'B', NULL, b'0', 1, '2022-04-10 06:04:40', 3);
INSERT INTO `t_exam_paper_question_customer_answer` VALUES (109, 17, 35, 68, 1, 5, 50, 50, 84, 'D', NULL, b'1', 1, '2022-04-13 10:56:46', 1);
INSERT INTO `t_exam_paper_question_customer_answer` VALUES (110, 11, 35, 68, 1, 5, 100, 100, 78, 'D', NULL, b'1', 1, '2022-04-13 10:56:46', 2);
INSERT INTO `t_exam_paper_question_customer_answer` VALUES (111, 10, 35, 68, 1, 5, 0, 200, 77, 'B', NULL, b'0', 1, '2022-04-13 10:56:46', 3);
INSERT INTO `t_exam_paper_question_customer_answer` VALUES (112, 17, 35, 69, 1, 5, 0, 50, 84, 'C', NULL, b'0', 1, '2022-04-13 13:59:05', 1);
INSERT INTO `t_exam_paper_question_customer_answer` VALUES (113, 11, 35, 69, 1, 5, 0, 100, 78, 'B', NULL, b'0', 1, '2022-04-13 13:59:05', 2);
INSERT INTO `t_exam_paper_question_customer_answer` VALUES (114, 10, 35, 69, 1, 5, 0, 200, 77, 'C', NULL, b'0', 1, '2022-04-13 13:59:05', 3);
INSERT INTO `t_exam_paper_question_customer_answer` VALUES (115, 17, 35, 70, 1, 5, 50, 50, 84, 'D', NULL, b'1', 1, '2022-04-13 14:07:08', 1);
INSERT INTO `t_exam_paper_question_customer_answer` VALUES (116, 11, 35, 70, 1, 5, 0, 100, 78, 'C', NULL, b'0', 1, '2022-04-13 14:07:08', 2);
INSERT INTO `t_exam_paper_question_customer_answer` VALUES (117, 10, 35, 70, 1, 5, 0, 200, 77, 'C', NULL, b'0', 1, '2022-04-13 14:07:08', 3);
INSERT INTO `t_exam_paper_question_customer_answer` VALUES (118, 19, 40, 71, 2, 6, 0, 100, 91, '', NULL, b'0', 1, '2022-04-14 06:32:14', 1);
INSERT INTO `t_exam_paper_question_customer_answer` VALUES (119, 18, 40, 71, 1, 6, 0, 100, 90, NULL, NULL, b'0', 1, '2022-04-14 06:32:14', 2);
INSERT INTO `t_exam_paper_question_customer_answer` VALUES (120, 20, 40, 71, 3, 6, 0, 100, 92, NULL, NULL, b'0', 1, '2022-04-14 06:32:14', 3);
INSERT INTO `t_exam_paper_question_customer_answer` VALUES (121, 16, 38, 72, 3, 5, 0, 20, 83, 'B', NULL, b'0', 1, '2022-08-29 16:13:20', 1);
INSERT INTO `t_exam_paper_question_customer_answer` VALUES (122, 17, 38, 72, 1, 5, 0, 50, 84, 'B', NULL, b'0', 1, '2022-08-29 16:13:20', 2);
INSERT INTO `t_exam_paper_question_customer_answer` VALUES (123, 13, 38, 72, 1, 5, 100, 100, 80, 'C', NULL, b'1', 1, '2022-08-29 16:13:20', 3);
INSERT INTO `t_exam_paper_question_customer_answer` VALUES (124, 10, 38, 72, 1, 5, 0, 200, 77, 'B', NULL, b'0', 1, '2022-08-29 16:13:20', 4);
INSERT INTO `t_exam_paper_question_customer_answer` VALUES (125, 11, 38, 72, 1, 5, 0, 100, 78, 'B', NULL, b'0', 1, '2022-08-29 16:13:20', 5);
INSERT INTO `t_exam_paper_question_customer_answer` VALUES (126, 14, 38, 72, 3, 5, 50, 50, 81, 'A', NULL, b'1', 1, '2022-08-29 16:13:20', 6);
INSERT INTO `t_exam_paper_question_customer_answer` VALUES (127, 19, 40, 73, 2, 6, 0, 100, 91, 'A', NULL, b'0', 1, '2022-08-31 14:39:17', 1);
INSERT INTO `t_exam_paper_question_customer_answer` VALUES (128, 18, 40, 73, 1, 6, 0, 100, 90, 'A', NULL, b'0', 1, '2022-08-31 14:39:17', 2);
INSERT INTO `t_exam_paper_question_customer_answer` VALUES (129, 20, 40, 73, 3, 6, 0, 100, 92, NULL, NULL, b'0', 1, '2022-08-31 14:39:17', 3);
INSERT INTO `t_exam_paper_question_customer_answer` VALUES (130, 16, 38, 74, 3, 5, 0, 20, 83, NULL, NULL, b'0', 1, '2022-09-02 09:56:19', 1);
INSERT INTO `t_exam_paper_question_customer_answer` VALUES (131, 17, 38, 74, 1, 5, 0, 50, 84, NULL, NULL, b'0', 1, '2022-09-02 09:56:19', 2);
INSERT INTO `t_exam_paper_question_customer_answer` VALUES (132, 13, 38, 74, 1, 5, 0, 100, 80, NULL, NULL, b'0', 1, '2022-09-02 09:56:19', 3);
INSERT INTO `t_exam_paper_question_customer_answer` VALUES (133, 10, 38, 74, 1, 5, 0, 200, 77, NULL, NULL, b'0', 1, '2022-09-02 09:56:19', 4);
INSERT INTO `t_exam_paper_question_customer_answer` VALUES (134, 11, 38, 74, 1, 5, 0, 100, 78, NULL, NULL, b'0', 1, '2022-09-02 09:56:19', 5);
INSERT INTO `t_exam_paper_question_customer_answer` VALUES (135, 14, 38, 74, 3, 5, 0, 50, 81, NULL, NULL, b'0', 1, '2022-09-02 09:56:19', 6);
INSERT INTO `t_exam_paper_question_customer_answer` VALUES (136, 19, 40, 75, 2, 6, 0, 100, 91, 'A', NULL, b'0', 100030026, '2022-09-15 14:23:02', 1);
INSERT INTO `t_exam_paper_question_customer_answer` VALUES (137, 18, 40, 75, 1, 6, 0, 100, 90, 'A', NULL, b'0', 100030026, '2022-09-15 14:23:02', 2);
INSERT INTO `t_exam_paper_question_customer_answer` VALUES (138, 20, 40, 75, 3, 6, 100, 100, 92, 'A', NULL, b'1', 100030026, '2022-09-15 14:23:02', 3);
INSERT INTO `t_exam_paper_question_customer_answer` VALUES (139, 19, 40, 76, 2, 6, 0, 100, 91, 'A', NULL, b'0', 100030026, '2022-09-16 14:01:01', 1);
INSERT INTO `t_exam_paper_question_customer_answer` VALUES (140, 18, 40, 76, 1, 6, 0, 100, 90, 'A', NULL, b'0', 100030026, '2022-09-16 14:01:01', 2);
INSERT INTO `t_exam_paper_question_customer_answer` VALUES (141, 20, 40, 76, 3, 6, 100, 100, 92, 'A', NULL, b'1', 100030026, '2022-09-16 14:01:01', 3);

-- ----------------------------
-- Table structure for t_exam_plan
-- ----------------------------
DROP TABLE IF EXISTS `t_exam_plan`;
CREATE TABLE `t_exam_plan`  (
  `id` int(11) NOT NULL AUTO_INCREMENT COMMENT '考试计划表id',
  `notice_time` datetime NULL DEFAULT NULL COMMENT '定时发放考试通知',
  `exam_type` int(10) NULL DEFAULT NULL COMMENT '考试类型',
  `is_publish` int(5) NULL DEFAULT NULL COMMENT '考试是否发放[0未发放,1发放]',
  PRIMARY KEY (`id`) USING BTREE
) ENGINE = InnoDB AUTO_INCREMENT = 27 CHARACTER SET = utf8 COLLATE = utf8_general_ci ROW_FORMAT = DYNAMIC;

-- ----------------------------
-- Records of t_exam_plan
-- ----------------------------
INSERT INTO `t_exam_plan` VALUES (1, '2022-04-11 16:43:21', 1, 0);
INSERT INTO `t_exam_plan` VALUES (2, '2022-04-12 19:00:00', 0, 1);
INSERT INTO `t_exam_plan` VALUES (3, '2022-04-12 06:00:00', 0, 0);
INSERT INTO `t_exam_plan` VALUES (4, '2022-04-12 15:49:52', 0, 1);
INSERT INTO `t_exam_plan` VALUES (5, '2022-04-12 15:51:58', 1, 1);
INSERT INTO `t_exam_plan` VALUES (6, '2022-04-13 16:03:44', 0, 1);
INSERT INTO `t_exam_plan` VALUES (7, '2022-04-13 20:30:09', 1, 1);
INSERT INTO `t_exam_plan` VALUES (8, '2022-04-13 20:31:56', 2, 1);
INSERT INTO `t_exam_plan` VALUES (9, '2022-04-13 20:38:43', 2, 1);
INSERT INTO `t_exam_plan` VALUES (10, '2022-04-14 10:00:00', 0, 1);
INSERT INTO `t_exam_plan` VALUES (11, '2022-04-14 11:00:00', 0, 1);
INSERT INTO `t_exam_plan` VALUES (12, '2022-04-14 13:58:25', 0, 0);
INSERT INTO `t_exam_plan` VALUES (13, '2022-04-14 13:59:11', 2, 1);
INSERT INTO `t_exam_plan` VALUES (14, '2022-04-14 14:00:49', 0, 1);
INSERT INTO `t_exam_plan` VALUES (15, '2022-08-29 21:50:00', 1, 0);
INSERT INTO `t_exam_plan` VALUES (16, '2022-08-30 00:11:58', 1, 0);
INSERT INTO `t_exam_plan` VALUES (17, '2022-08-29 00:00:00', 1, 0);
INSERT INTO `t_exam_plan` VALUES (18, '2022-08-10 00:00:00', 2, 0);
INSERT INTO `t_exam_plan` VALUES (19, '2022-08-30 00:00:00', 0, 0);
INSERT INTO `t_exam_plan` VALUES (20, NULL, 1, 0);
INSERT INTO `t_exam_plan` VALUES (21, '2022-08-29 00:00:00', 1, 0);
INSERT INTO `t_exam_plan` VALUES (22, '2022-09-02 17:50:44', 1, 0);
INSERT INTO `t_exam_plan` VALUES (23, '2022-09-02 17:52:03', 1, 0);
INSERT INTO `t_exam_plan` VALUES (24, '2022-09-14 00:00:00', 2, 1);
INSERT INTO `t_exam_plan` VALUES (25, '2022-09-14 00:48:46', 1, 0);
INSERT INTO `t_exam_plan` VALUES (26, '2022-09-15 20:45:26', 1, 0);

-- ----------------------------
-- Table structure for t_exam_room
-- ----------------------------
DROP TABLE IF EXISTS `t_exam_room`;
CREATE TABLE `t_exam_room`  (
  `id` int(11) NOT NULL AUTO_INCREMENT COMMENT '考场编排表id',
  `room_batch` varchar(255) CHARACTER SET utf8 COLLATE utf8_general_ci NULL DEFAULT NULL COMMENT '考场批次',
  `room_round` varchar(255) CHARACTER SET utf8 COLLATE utf8_general_ci NULL DEFAULT NULL COMMENT '考场场次',
  `create_time` datetime NULL DEFAULT NULL COMMENT '创建时间',
  PRIMARY KEY (`id`) USING BTREE
) ENGINE = InnoDB AUTO_INCREMENT = 26 CHARACTER SET = utf8 COLLATE = utf8_general_ci ROW_FORMAT = DYNAMIC;

-- ----------------------------
-- Records of t_exam_room
-- ----------------------------
INSERT INTO `t_exam_room` VALUES (1, '1', '1', '2022-04-11 15:43:39');
INSERT INTO `t_exam_room` VALUES (2, NULL, NULL, '2022-04-12 15:43:39');
INSERT INTO `t_exam_room` VALUES (3, NULL, NULL, '2022-04-12 15:47:58');
INSERT INTO `t_exam_room` VALUES (4, NULL, NULL, '2022-04-12 15:49:55');
INSERT INTO `t_exam_room` VALUES (5, '2', '2', '2022-04-12 15:52:01');
INSERT INTO `t_exam_room` VALUES (6, '1', '1', '2022-04-13 16:03:52');
INSERT INTO `t_exam_room` VALUES (7, '5', '2', '2022-04-13 20:30:20');
INSERT INTO `t_exam_room` VALUES (8, '1', '1', '2022-04-13 20:32:02');
INSERT INTO `t_exam_room` VALUES (9, '1', '1', '2022-04-13 20:38:46');
INSERT INTO `t_exam_room` VALUES (10, '2', '4', '2022-04-14 13:56:47');
INSERT INTO `t_exam_room` VALUES (11, '1', '1', '2022-04-14 13:57:47');
INSERT INTO `t_exam_room` VALUES (12, '2', '1', '2022-04-14 13:58:32');
INSERT INTO `t_exam_room` VALUES (13, '1', '1', '2022-04-14 13:59:14');
INSERT INTO `t_exam_room` VALUES (14, '1', '3', '2022-04-14 14:01:16');
INSERT INTO `t_exam_room` VALUES (15, '123', '123', '2022-08-29 21:49:11');
INSERT INTO `t_exam_room` VALUES (16, '12', '12', '2022-08-30 00:12:18');
INSERT INTO `t_exam_room` VALUES (17, '123', '123', '2022-08-31 21:21:01');
INSERT INTO `t_exam_room` VALUES (18, '123', '123', '2022-08-31 21:48:39');
INSERT INTO `t_exam_room` VALUES (19, '123', '123', '2022-08-31 21:49:46');
INSERT INTO `t_exam_room` VALUES (20, '123', '123', '2022-08-31 21:50:22');
INSERT INTO `t_exam_room` VALUES (21, '123', '123', '2022-08-31 21:51:01');
INSERT INTO `t_exam_room` VALUES (22, '10000', '10000', '2022-09-02 17:51:18');
INSERT INTO `t_exam_room` VALUES (23, '10000', '10000', '2022-09-02 17:52:10');
INSERT INTO `t_exam_room` VALUES (24, '213', '213', '2022-09-14 00:48:49');
INSERT INTO `t_exam_room` VALUES (25, '123', '123', '2022-09-15 20:45:30');

-- ----------------------------
-- Table structure for t_exam_room_user_relation
-- ----------------------------
DROP TABLE IF EXISTS `t_exam_room_user_relation`;
CREATE TABLE `t_exam_room_user_relation`  (
  `id` int(11) NOT NULL AUTO_INCREMENT COMMENT '考场与用户关联表id',
  `exam_room_id` int(11) NULL DEFAULT NULL COMMENT '考场编排表id',
  `user_id` int(11) NULL DEFAULT NULL COMMENT '用户表id',
  PRIMARY KEY (`id`) USING BTREE
) ENGINE = InnoDB AUTO_INCREMENT = 10 CHARACTER SET = utf8 COLLATE = utf8_general_ci ROW_FORMAT = DYNAMIC;

-- ----------------------------
-- Records of t_exam_room_user_relation
-- ----------------------------
INSERT INTO `t_exam_room_user_relation` VALUES (1, 1, 100030027);
INSERT INTO `t_exam_room_user_relation` VALUES (2, 1, 100030026);
INSERT INTO `t_exam_room_user_relation` VALUES (3, 1, 100030025);
INSERT INTO `t_exam_room_user_relation` VALUES (4, 1, 100030024);
INSERT INTO `t_exam_room_user_relation` VALUES (5, 1, 100030011);
INSERT INTO `t_exam_room_user_relation` VALUES (6, 1, 100030015);
INSERT INTO `t_exam_room_user_relation` VALUES (7, 1, 100030014);
INSERT INTO `t_exam_room_user_relation` VALUES (8, 1, 100030013);
INSERT INTO `t_exam_room_user_relation` VALUES (9, 1, 100030012);

-- ----------------------------
-- Table structure for t_message
-- ----------------------------
DROP TABLE IF EXISTS `t_message`;
CREATE TABLE `t_message`  (
  `id` int(11) NOT NULL AUTO_INCREMENT,
  `title` varchar(255) CHARACTER SET utf8mb4 COLLATE utf8mb4_general_ci NULL DEFAULT NULL COMMENT '标题',
  `content` varchar(500) CHARACTER SET utf8mb4 COLLATE utf8mb4_general_ci NULL DEFAULT NULL COMMENT '内容',
  `create_time` datetime NULL DEFAULT NULL,
  `send_user_id` int(11) NULL DEFAULT NULL COMMENT '发送者用户ID',
  `send_user_name` varchar(255) CHARACTER SET utf8mb4 COLLATE utf8mb4_general_ci NULL DEFAULT NULL COMMENT '发送者用户名',
  `send_real_name` varchar(255) CHARACTER SET utf8mb4 COLLATE utf8mb4_general_ci NULL DEFAULT NULL COMMENT '发送者真实姓名',
  `receive_user_count` int(11) NULL DEFAULT NULL COMMENT '接收人数',
  `read_count` int(11) NULL DEFAULT NULL COMMENT '已读人数',
  PRIMARY KEY (`id`) USING BTREE
) ENGINE = InnoDB AUTO_INCREMENT = 3 CHARACTER SET = utf8mb4 COLLATE = utf8mb4_general_ci ROW_FORMAT = COMPACT;

-- ----------------------------
-- Records of t_message
-- ----------------------------
INSERT INTO `t_message` VALUES (1, '测试消息', '123', '2022-02-27 13:44:05', 2, 'admin', '管理员', 1, 1);
INSERT INTO `t_message` VALUES (2, '123', '123', '2022-03-06 10:46:23', 1, 'student', 'Test', 2, 0);

-- ----------------------------
-- Table structure for t_message_user
-- ----------------------------
DROP TABLE IF EXISTS `t_message_user`;
CREATE TABLE `t_message_user`  (
  `id` int(11) NOT NULL AUTO_INCREMENT,
  `message_id` int(11) NULL DEFAULT NULL COMMENT '消息内容ID',
  `receive_user_id` int(11) NULL DEFAULT NULL COMMENT '接收人ID',
  `receive_user_name` varchar(255) CHARACTER SET utf8mb4 COLLATE utf8mb4_general_ci NULL DEFAULT NULL COMMENT '接收人用户名',
  `receive_real_name` varchar(255) CHARACTER SET utf8mb4 COLLATE utf8mb4_general_ci NULL DEFAULT NULL COMMENT '接收人真实姓名',
  `readed` bit(1) NULL DEFAULT NULL COMMENT '是否已读',
  `create_time` datetime NULL DEFAULT NULL,
  `read_time` datetime NULL DEFAULT NULL COMMENT '阅读时间',
  PRIMARY KEY (`id`) USING BTREE
) ENGINE = InnoDB AUTO_INCREMENT = 4 CHARACTER SET = utf8mb4 COLLATE = utf8mb4_general_ci ROW_FORMAT = COMPACT;

-- ----------------------------
-- Records of t_message_user
-- ----------------------------
INSERT INTO `t_message_user` VALUES (1, 1, 1, 'student', '学生', b'1', '2022-02-27 13:44:05', '2022-02-27 13:44:18');
INSERT INTO `t_message_user` VALUES (2, 2, 2, 'admin', '管理员', b'0', '2022-03-06 10:46:23', NULL);
INSERT INTO `t_message_user` VALUES (3, 2, 4, 'student5', NULL, b'0', '2022-03-06 10:46:23', NULL);

-- ----------------------------
-- Table structure for t_question
-- ----------------------------
DROP TABLE IF EXISTS `t_question`;
CREATE TABLE `t_question`  (
  `id` int(11) NOT NULL AUTO_INCREMENT,
  `question_type` int(11) NULL DEFAULT NULL COMMENT '1.单选题  2.多选题  3.判断题 4.填空题 5.简答题',
  `subject_id` int(11) NULL DEFAULT NULL COMMENT '学科',
  `score` int(11) NULL DEFAULT NULL COMMENT '题目总分(千分制)',
  `grade_level` int(11) NULL DEFAULT NULL COMMENT '级别',
  `difficult` int(11) NULL DEFAULT NULL COMMENT '题目难度',
  `correct` text CHARACTER SET utf8mb4 COLLATE utf8mb4_general_ci NULL COMMENT '正确答案',
  `info_text_content_id` int(11) NULL DEFAULT NULL COMMENT '题目  填空、 题干、解析、答案等信息',
  `create_user` int(11) NULL DEFAULT NULL COMMENT '创建人',
  `status` int(11) NULL DEFAULT NULL COMMENT '1.正常',
  `create_time` datetime NULL DEFAULT NULL COMMENT '创建时间',
  `deleted` bit(1) NULL DEFAULT NULL,
  PRIMARY KEY (`id`) USING BTREE
) ENGINE = InnoDB AUTO_INCREMENT = 22 CHARACTER SET = utf8mb4 COLLATE = utf8mb4_general_ci ROW_FORMAT = COMPACT;

-- ----------------------------
-- Records of t_question
-- ----------------------------
INSERT INTO `t_question` VALUES (1, 1, 1, 10, 1, 1, 'A', 1, 2, 1, '2022-01-19 11:45:17', b'0');
INSERT INTO `t_question` VALUES (2, 1, 2, 10, 12, 5, 'C', 3, 2, 1, '2022-01-28 19:39:40', b'0');
INSERT INTO `t_question` VALUES (3, 4, 2, 10, 12, 5, '', 5, 2, 1, '2022-01-28 19:42:01', b'0');
INSERT INTO `t_question` VALUES (4, 1, 1, 10, 1, 2, 'A', 13, 1, 1, '2022-03-16 15:17:23', b'0');
INSERT INTO `t_question` VALUES (5, 2, 2, 100, 12, 3, 'A,B', 15, 1, 1, '2022-03-21 15:22:48', b'0');
INSERT INTO `t_question` VALUES (6, 3, 2, 10, 12, 1, 'A', 21, 1, 1, '2022-03-25 12:01:23', b'0');
INSERT INTO `t_question` VALUES (7, 4, 2, 10, 12, 1, '', 22, 1, 1, '2022-03-25 12:01:58', b'0');
INSERT INTO `t_question` VALUES (8, 5, 2, 10, 12, 5, '222', 23, 1, 1, '2022-03-25 12:02:31', b'0');
INSERT INTO `t_question` VALUES (9, 1, 5, 100, 1, 1, 'A', 76, 1, 1, '2022-04-09 14:10:54', b'0');
INSERT INTO `t_question` VALUES (10, 1, 5, 200, 1, 4, 'D', 77, 1, 1, '2022-04-09 14:12:15', b'0');
INSERT INTO `t_question` VALUES (11, 1, 5, 100, 1, 4, 'D', 78, 1, 1, '2022-04-09 14:14:26', b'0');
INSERT INTO `t_question` VALUES (12, 1, 5, 100, 1, 5, 'C', 79, 1, 1, '2022-04-09 14:15:31', b'0');
INSERT INTO `t_question` VALUES (13, 1, 5, 100, 1, 4, 'C', 80, 1, 1, '2022-04-09 14:16:54', b'0');
INSERT INTO `t_question` VALUES (14, 3, 5, 50, 1, 4, 'A', 81, 1, 1, '2022-04-09 14:17:57', b'0');
INSERT INTO `t_question` VALUES (15, 1, 5, 40, 1, 4, 'B', 82, 1, 1, '2022-04-09 14:18:38', b'0');
INSERT INTO `t_question` VALUES (16, 3, 5, 20, 1, 4, 'A', 83, 1, 1, '2022-04-09 14:19:24', b'0');
INSERT INTO `t_question` VALUES (17, 1, 5, 50, 1, 4, 'D', 84, 1, 1, '2022-04-09 14:20:05', b'0');
INSERT INTO `t_question` VALUES (18, 1, 6, 100, 1, 4, 'D', 90, 1, 1, '2022-04-14 03:04:32', b'0');
INSERT INTO `t_question` VALUES (19, 2, 6, 100, 1, 4, 'A,B,C,D', 91, 1, 1, '2022-04-14 03:07:40', b'0');
INSERT INTO `t_question` VALUES (20, 3, 6, 100, 1, 4, 'A', 92, 1, 1, '2022-04-14 03:08:08', b'0');
INSERT INTO `t_question` VALUES (21, 5, 6, 150, 1, 4, '马克思主义指导思想、中国特色社会主义共同理想、以爱国主义为核心的民族精神和以改革创新为核心的时代精神、社会主义荣辱观。', 93, 1, 1, '2022-04-14 03:08:38', b'0');

-- ----------------------------
-- Table structure for t_question_bank
-- ----------------------------
DROP TABLE IF EXISTS `t_question_bank`;
CREATE TABLE `t_question_bank`  (
  `id` int(11) NOT NULL AUTO_INCREMENT COMMENT '题库id',
  `name` varchar(50) CHARACTER SET utf8 COLLATE utf8_general_ci NULL DEFAULT NULL COMMENT '题库名字',
  `description` varchar(255) CHARACTER SET utf8 COLLATE utf8_general_ci NULL DEFAULT NULL COMMENT '题库简介',
  `is_lock` int(10) NULL DEFAULT NULL COMMENT '题库锁定,不允许查看[1锁定,0未锁定]',
  `is_pass` int(10) NULL DEFAULT NULL COMMENT '题库审批情况[0不通过,1通过]',
  `img` varchar(255) CHARACTER SET utf8 COLLATE utf8_general_ci NULL DEFAULT NULL COMMENT '题库封面图片',
  PRIMARY KEY (`id`) USING BTREE
) ENGINE = InnoDB AUTO_INCREMENT = 2 CHARACTER SET = utf8 COLLATE = utf8_general_ci ROW_FORMAT = DYNAMIC;

-- ----------------------------
-- Records of t_question_bank
-- ----------------------------
INSERT INTO `t_question_bank` VALUES (1, '测试题库1', '测试题库1简介', 1, 0, 'https://examsystem-gdpu.oss-cn-guangzhou.aliyuncs.com/base/course%281%29.jpg');

-- ----------------------------
-- Table structure for t_question_bank_relation
-- ----------------------------
DROP TABLE IF EXISTS `t_question_bank_relation`;
CREATE TABLE `t_question_bank_relation`  (
  `id` int(11) NOT NULL AUTO_INCREMENT COMMENT '题库与题目关联表id',
  `question_id` int(11) NULL DEFAULT NULL COMMENT '题目id',
  `bank_id` int(11) NULL DEFAULT NULL COMMENT '题库id',
  PRIMARY KEY (`id`) USING BTREE
) ENGINE = InnoDB AUTO_INCREMENT = 10 CHARACTER SET = utf8 COLLATE = utf8_general_ci ROW_FORMAT = DYNAMIC;

-- ----------------------------
-- Records of t_question_bank_relation
-- ----------------------------
INSERT INTO `t_question_bank_relation` VALUES (1, 17, 1);
INSERT INTO `t_question_bank_relation` VALUES (2, 16, 1);
INSERT INTO `t_question_bank_relation` VALUES (3, 15, 1);
INSERT INTO `t_question_bank_relation` VALUES (5, 14, 1);
INSERT INTO `t_question_bank_relation` VALUES (6, 13, 1);
INSERT INTO `t_question_bank_relation` VALUES (7, 12, 1);
INSERT INTO `t_question_bank_relation` VALUES (8, 9, 1);
INSERT INTO `t_question_bank_relation` VALUES (9, 8, 1);

-- ----------------------------
-- Table structure for t_subject
-- ----------------------------
DROP TABLE IF EXISTS `t_subject`;
CREATE TABLE `t_subject`  (
  `id` int(11) NOT NULL AUTO_INCREMENT,
  `name` varchar(255) CHARACTER SET utf8mb4 COLLATE utf8mb4_general_ci NULL DEFAULT NULL COMMENT '语文 数学 英语 等',
  `level` int(11) NULL DEFAULT NULL COMMENT '年级 (1-12) 小学 初中 高中  大学',
  `level_name` varchar(255) CHARACTER SET utf8mb4 COLLATE utf8mb4_general_ci NULL DEFAULT NULL COMMENT '一年级、二年级等',
  `item_order` int(11) NULL DEFAULT NULL COMMENT '排序',
  `deleted` bit(1) NULL DEFAULT NULL,
  PRIMARY KEY (`id`) USING BTREE
) ENGINE = InnoDB AUTO_INCREMENT = 7 CHARACTER SET = utf8mb4 COLLATE = utf8mb4_general_ci ROW_FORMAT = COMPACT;

-- ----------------------------
-- Records of t_subject
-- ----------------------------
INSERT INTO `t_subject` VALUES (1, '数学1', 1, '大学', NULL, b'0');
INSERT INTO `t_subject` VALUES (2, '数学', 1, '大学', NULL, b'0');
INSERT INTO `t_subject` VALUES (3, '线性代数', 1, '大学', NULL, b'0');
INSERT INTO `t_subject` VALUES (4, '人工智能', 1, '大学', NULL, b'0');
INSERT INTO `t_subject` VALUES (5, '操作系统', 1, '大学', NULL, b'0');
INSERT INTO `t_subject` VALUES (6, '思想道德基础与法律修养', 1, '大学', NULL, b'0');

-- ----------------------------
-- Table structure for t_task_exam
-- ----------------------------
DROP TABLE IF EXISTS `t_task_exam`;
CREATE TABLE `t_task_exam`  (
  `id` int(11) NOT NULL AUTO_INCREMENT,
  `title` varchar(255) CHARACTER SET utf8mb4 COLLATE utf8mb4_general_ci NULL DEFAULT NULL,
  `grade_level` int(11) NULL DEFAULT NULL COMMENT '级别',
  `frame_text_content_id` int(11) NULL DEFAULT NULL COMMENT '任务框架 内容为JSON',
  `create_user` int(11) NULL DEFAULT NULL,
  `create_time` datetime NULL DEFAULT NULL,
  `deleted` bit(1) NULL DEFAULT NULL,
  `create_user_name` varchar(255) CHARACTER SET utf8mb4 COLLATE utf8mb4_general_ci NULL DEFAULT NULL,
  PRIMARY KEY (`id`) USING BTREE
) ENGINE = InnoDB AUTO_INCREMENT = 3 CHARACTER SET = utf8mb4 COLLATE = utf8mb4_general_ci ROW_FORMAT = COMPACT;

-- ----------------------------
-- Records of t_task_exam
-- ----------------------------
INSERT INTO `t_task_exam` VALUES (1, '3213', 1, 14, 1, '2022-03-16 15:47:54', b'0', 'student');
INSERT INTO `t_task_exam` VALUES (2, '任务试卷-3月21日高三数学', 12, 17, 1, '2022-03-21 15:28:00', b'0', 'student');

-- ----------------------------
-- Table structure for t_task_exam_customer_answer
-- ----------------------------
DROP TABLE IF EXISTS `t_task_exam_customer_answer`;
CREATE TABLE `t_task_exam_customer_answer`  (
  `id` int(11) NOT NULL AUTO_INCREMENT,
  `task_exam_id` int(11) NULL DEFAULT NULL,
  `create_user` int(255) NULL DEFAULT NULL,
  `create_time` datetime NULL DEFAULT NULL,
  `text_content_id` int(11) NULL DEFAULT NULL COMMENT '任务完成情况(Json)',
  PRIMARY KEY (`id`) USING BTREE
) ENGINE = InnoDB AUTO_INCREMENT = 2 CHARACTER SET = utf8mb4 COLLATE = utf8mb4_general_ci ROW_FORMAT = COMPACT;

-- ----------------------------
-- Records of t_task_exam_customer_answer
-- ----------------------------
INSERT INTO `t_task_exam_customer_answer` VALUES (1, 2, 1, '2022-03-21 21:19:18', 20);

-- ----------------------------
-- Table structure for t_text_content
-- ----------------------------
DROP TABLE IF EXISTS `t_text_content`;
CREATE TABLE `t_text_content`  (
  `id` int(11) NOT NULL AUTO_INCREMENT,
  `content` text CHARACTER SET utf8mb4 COLLATE utf8mb4_general_ci NULL,
  `create_time` datetime NULL DEFAULT NULL,
  PRIMARY KEY (`id`) USING BTREE
) ENGINE = InnoDB AUTO_INCREMENT = 96 CHARACTER SET = utf8mb4 COLLATE = utf8mb4_general_ci ROW_FORMAT = COMPACT;

-- ----------------------------
-- Records of t_text_content
-- ----------------------------
INSERT INTO `t_text_content` VALUES (1, '{\"titleContent\":\"1+1=？\",\"analyze\":\"1+1它只能等于2\",\"questionItemObjects\":[{\"prefix\":\"A\",\"content\":\"2\",\"score\":null,\"itemUuid\":null},{\"prefix\":\"B\",\"content\":\"3\",\"score\":null,\"itemUuid\":null},{\"prefix\":\"C\",\"content\":\"4\",\"score\":null,\"itemUuid\":null},{\"prefix\":\"D\",\"content\":\"5\",\"score\":null,\"itemUuid\":null}],\"correct\":\"A\"}', '2022-01-19 11:45:17');
INSERT INTO `t_text_content` VALUES (2, '[{\"name\":\"1\",\"questionItems\":[{\"id\":1,\"itemOrder\":1}]}]', '2022-01-19 11:45:47');
INSERT INTO `t_text_content` VALUES (3, '{\"titleContent\":\"撒大苏打撒\",\"analyze\":\"21321321\",\"questionItemObjects\":[{\"prefix\":\"A\",\"content\":\"123\",\"score\":null,\"itemUuid\":null},{\"prefix\":\"B\",\"content\":\"4343\",\"score\":null,\"itemUuid\":null},{\"prefix\":\"C\",\"content\":\"131\",\"score\":null,\"itemUuid\":null},{\"prefix\":\"D\",\"content\":\"434\",\"score\":null,\"itemUuid\":null}],\"correct\":\"C\"}', '2022-01-28 19:39:40');
INSERT INTO `t_text_content` VALUES (4, '[{\"name\":\"身上\",\"questionItems\":[{\"id\":2,\"itemOrder\":1}]}]', '2022-01-28 19:40:02');
INSERT INTO `t_text_content` VALUES (5, '{\"titleContent\":\"我我阿文啊是<span class=\\\"gapfilling-span 6ecf507b-0e41-492e-af96-c978b9eaa33c\\\">1</span>12123213123123\",\"analyze\":\"啊实打实&nbsp;\",\"questionItemObjects\":[{\"prefix\":\"1\",\"content\":\"撒旦阿三\",\"score\":10,\"itemUuid\":\"6ecf507b-0e41-492e-af96-c978b9eaa33c\"}],\"correct\":\"\"}', '2022-01-28 19:42:01');
INSERT INTO `t_text_content` VALUES (6, '[{\"name\":\"撒打算\",\"questionItems\":[{\"id\":3,\"itemOrder\":1}]}]', '2022-01-28 19:42:58');
INSERT INTO `t_text_content` VALUES (7, '[\"sdas\"]', '2022-01-28 19:43:04');
INSERT INTO `t_text_content` VALUES (8, '[\"sadas\"]', '2022-01-28 19:43:48');
INSERT INTO `t_text_content` VALUES (9, '[\"asdasdasasd\"]', '2022-01-28 19:44:21');
INSERT INTO `t_text_content` VALUES (10, '[\"1\"]', '2022-02-27 13:38:07');
INSERT INTO `t_text_content` VALUES (11, '[{\"name\":\"题目1\",\"questionItems\":[{\"id\":1,\"itemOrder\":1}]}]', '2022-03-16 15:10:36');
INSERT INTO `t_text_content` VALUES (12, '[{\"name\":\"题目1\",\"questionItems\":[{\"id\":4,\"itemOrder\":1},{\"id\":1,\"itemOrder\":2}]}]', '2022-03-16 15:11:52');
INSERT INTO `t_text_content` VALUES (13, '{\"titleContent\":\"爱是实打实\",\"analyze\":\"111\",\"questionItemObjects\":[{\"prefix\":\"A\",\"content\":\"1\",\"score\":null,\"itemUuid\":null},{\"prefix\":\"B\",\"content\":\"2\",\"score\":null,\"itemUuid\":null},{\"prefix\":\"C\",\"content\":\"3\",\"score\":null,\"itemUuid\":null},{\"prefix\":\"D\",\"content\":\"4\",\"score\":null,\"itemUuid\":null}],\"correct\":\"A\"}', '2022-03-16 15:17:23');
INSERT INTO `t_text_content` VALUES (14, '[{\"examPaperId\":5,\"examPaperName\":\"试卷2\",\"itemOrder\":null}]', '2022-03-16 15:47:54');
INSERT INTO `t_text_content` VALUES (15, '{\"titleContent\":\"<p>多选题演示-1</p>\",\"analyze\":\"<p>我是解析</p>\",\"questionItemObjects\":[{\"prefix\":\"A\",\"content\":\"<p class=\\\"ueditor-p\\\">aaaa</p>\",\"score\":null,\"itemUuid\":null},{\"prefix\":\"B\",\"content\":\"bbbbb\",\"score\":null,\"itemUuid\":null},{\"prefix\":\"C\",\"content\":\"ccccc\",\"score\":null,\"itemUuid\":null},{\"prefix\":\"D\",\"content\":\"ddddddd\",\"score\":null,\"itemUuid\":null}],\"correct\":\"\"}', '2022-03-21 15:22:48');
INSERT INTO `t_text_content` VALUES (16, '[{\"name\":\"一、单选题\",\"questionItems\":[{\"id\":2,\"itemOrder\":1}]},{\"name\":\"二、多选题\",\"questionItems\":[{\"id\":5,\"itemOrder\":2}]},{\"name\":\"三、填空题\",\"questionItems\":[{\"id\":3,\"itemOrder\":3}]}]', '2022-03-21 15:24:11');
INSERT INTO `t_text_content` VALUES (17, '[{\"examPaperId\":6,\"examPaperName\":\"有单选和多选的试卷-1\",\"itemOrder\":null}]', '2022-03-21 15:28:00');
INSERT INTO `t_text_content` VALUES (18, '[{\"name\":\"多选题\",\"questionItems\":[{\"id\":5,\"itemOrder\":1}]}]', '2022-03-21 19:46:44');
INSERT INTO `t_text_content` VALUES (19, '[\"111\"]', '2022-03-21 21:19:18');
INSERT INTO `t_text_content` VALUES (20, '[{\"examPaperId\":6,\"examPaperAnswerId\":16,\"status\":2}]', '2022-03-21 21:19:18');
INSERT INTO `t_text_content` VALUES (21, '{\"titleContent\":\"<p>1+1=2？<br/></p>\",\"analyze\":\"<p class=\\\"ueditor-p\\\">选A</p>\",\"questionItemObjects\":[{\"prefix\":\"A\",\"content\":\"是\",\"score\":null,\"itemUuid\":null},{\"prefix\":\"B\",\"content\":\"否\",\"score\":null,\"itemUuid\":null}],\"correct\":\"A\"}', '2022-03-25 12:01:23');
INSERT INTO `t_text_content` VALUES (22, '{\"titleContent\":\"1+1=<span class=\\\"gapfilling-span 48a385cd-d766-4b45-a55b-d599ed941f34\\\">1</span>\",\"analyze\":\"2\",\"questionItemObjects\":[{\"prefix\":\"1\",\"content\":\"2\",\"score\":10,\"itemUuid\":\"48a385cd-d766-4b45-a55b-d599ed941f34\"}],\"correct\":\"\"}', '2022-03-25 12:01:58');
INSERT INTO `t_text_content` VALUES (23, '{\"titleContent\":\"1+1=\",\"analyze\":\"222\",\"questionItemObjects\":[],\"correct\":\"222\"}', '2022-03-25 12:02:31');
INSERT INTO `t_text_content` VALUES (24, '[{\"name\":\"一、选择题\",\"questionItems\":[{\"id\":2,\"itemOrder\":1}]},{\"name\":\"二、多选题\",\"questionItems\":[{\"id\":5,\"itemOrder\":2}]},{\"name\":\"三、填空题\",\"questionItems\":[{\"id\":7,\"itemOrder\":3},{\"id\":3,\"itemOrder\":4}]},{\"name\":\"四、简答题\",\"questionItems\":[{\"id\":8,\"itemOrder\":5}]}]', '2022-03-25 12:04:00');
INSERT INTO `t_text_content` VALUES (25, '[]', '2022-03-25 12:10:50');
INSERT INTO `t_text_content` VALUES (26, '[]', '2022-03-25 12:10:50');
INSERT INTO `t_text_content` VALUES (27, NULL, '2022-03-25 12:10:50');
INSERT INTO `t_text_content` VALUES (28, '[]', '2022-03-25 12:28:19');
INSERT INTO `t_text_content` VALUES (29, '[]', '2022-03-25 12:28:19');
INSERT INTO `t_text_content` VALUES (30, NULL, '2022-03-25 12:28:19');
INSERT INTO `t_text_content` VALUES (31, '[{\"name\":\"1.dxt\",\"questionItems\":[{\"id\":5,\"itemOrder\":1}]}]', '2022-03-25 12:32:16');
INSERT INTO `t_text_content` VALUES (32, '[]', '2022-03-25 12:36:12');
INSERT INTO `t_text_content` VALUES (33, '[]', '2022-03-25 12:36:12');
INSERT INTO `t_text_content` VALUES (34, NULL, '2022-03-25 12:36:12');
INSERT INTO `t_text_content` VALUES (35, '[]', '2022-03-25 20:37:40');
INSERT INTO `t_text_content` VALUES (36, '[]', '2022-03-25 20:37:40');
INSERT INTO `t_text_content` VALUES (37, NULL, '2022-03-25 20:37:40');
INSERT INTO `t_text_content` VALUES (38, '[]', '2022-03-25 20:51:27');
INSERT INTO `t_text_content` VALUES (39, '[]', '2022-03-25 20:51:27');
INSERT INTO `t_text_content` VALUES (40, NULL, '2022-03-25 20:51:27');
INSERT INTO `t_text_content` VALUES (41, '[{\"name\":\"一、选择题\",\"questionItems\":[{\"id\":2,\"itemOrder\":1}]}]', '2022-03-26 14:13:36');
INSERT INTO `t_text_content` VALUES (42, '[{\"name\":\"一、选择题\",\"questionItems\":[{\"id\":2,\"itemOrder\":1}]}]', '2022-03-26 15:57:02');
INSERT INTO `t_text_content` VALUES (43, '[]', '2022-03-26 19:39:45');
INSERT INTO `t_text_content` VALUES (44, '[]', '2022-03-26 19:39:45');
INSERT INTO `t_text_content` VALUES (45, NULL, '2022-03-26 19:39:45');
INSERT INTO `t_text_content` VALUES (46, '[]', '2022-03-26 19:43:30');
INSERT INTO `t_text_content` VALUES (47, '[]', '2022-03-26 19:43:30');
INSERT INTO `t_text_content` VALUES (48, NULL, '2022-03-26 19:43:30');
INSERT INTO `t_text_content` VALUES (49, '[{\"name\":\"选择题\",\"questionItems\":[{\"id\":8,\"itemOrder\":1}]}]', '2022-03-27 15:44:28');
INSERT INTO `t_text_content` VALUES (50, '[{\"name\":\"填空题\",\"questionItems\":[{\"id\":8,\"itemOrder\":1}]}]', '2022-03-27 16:32:46');
INSERT INTO `t_text_content` VALUES (51, '[{\"name\":\"选择题\",\"questionItems\":[{\"id\":5,\"itemOrder\":1}]}]', '2022-03-27 20:31:01');
INSERT INTO `t_text_content` VALUES (52, '[{\"name\":\"选择题\",\"questionItems\":[{\"id\":5,\"itemOrder\":1}]}]', '2022-03-27 20:42:53');
INSERT INTO `t_text_content` VALUES (53, '[{\"name\":\"一、选择题\",\"questionItems\":[{\"id\":2,\"itemOrder\":1}]}]', '2022-03-27 23:08:57');
INSERT INTO `t_text_content` VALUES (54, '[{\"name\":\"一、选择题\",\"questionItems\":[{\"id\":2,\"itemOrder\":1}]}]', '2022-03-27 23:14:15');
INSERT INTO `t_text_content` VALUES (55, '[{\"name\":\"xzt\",\"questionItems\":[{\"id\":5,\"itemOrder\":1}]}]', '2022-03-28 14:09:13');
INSERT INTO `t_text_content` VALUES (56, '[{\"name\":\"多选题\",\"questionItems\":[{\"id\":8,\"itemOrder\":1}]}]', '2022-03-28 14:48:10');
INSERT INTO `t_text_content` VALUES (57, '[{\"name\":\"11\",\"questionItems\":[{\"id\":5,\"itemOrder\":1}]}]', '2022-03-28 15:41:02');
INSERT INTO `t_text_content` VALUES (58, '[{\"name\":\"1\",\"questionItems\":[{\"id\":5,\"itemOrder\":1}]}]', '2022-03-29 16:17:15');
INSERT INTO `t_text_content` VALUES (59, '[{\"name\":\"选择题\",\"questionItems\":[{\"id\":2,\"itemOrder\":1},{\"id\":5,\"itemOrder\":2}]}]', '2022-03-29 19:26:35');
INSERT INTO `t_text_content` VALUES (60, '[{\"name\":\"选择题\",\"questionItems\":[{\"id\":5,\"itemOrder\":1}]},{\"name\":\"简答题\",\"questionItems\":[{\"id\":8,\"itemOrder\":2}]}]', '2022-03-29 21:06:01');
INSERT INTO `t_text_content` VALUES (61, '[{\"name\":\"系统中\",\"questionItems\":[{\"id\":3,\"itemOrder\":1},{\"id\":6,\"itemOrder\":2},{\"id\":5,\"itemOrder\":3}]}]', '2022-03-29 21:08:05');
INSERT INTO `t_text_content` VALUES (62, '[{\"name\":\"选择题\",\"questionItems\":[{\"id\":3,\"itemOrder\":1}]}]', '2022-03-29 21:13:23');
INSERT INTO `t_text_content` VALUES (63, '[{\"name\":\"选择题\",\"questionItems\":[{\"id\":8,\"itemOrder\":1}]},{\"name\":\"其他题\",\"questionItems\":[{\"id\":5,\"itemOrder\":2}]}]', '2022-03-29 21:19:45');
INSERT INTO `t_text_content` VALUES (64, NULL, '2022-03-29 21:21:44');
INSERT INTO `t_text_content` VALUES (65, '12', '2022-03-30 14:40:35');
INSERT INTO `t_text_content` VALUES (66, NULL, '2022-03-30 16:21:45');
INSERT INTO `t_text_content` VALUES (67, NULL, '2022-03-30 22:55:40');
INSERT INTO `t_text_content` VALUES (68, NULL, '2022-03-31 12:41:02');
INSERT INTO `t_text_content` VALUES (69, NULL, '2022-03-31 13:05:37');
INSERT INTO `t_text_content` VALUES (70, NULL, '2022-03-31 20:36:35');
INSERT INTO `t_text_content` VALUES (71, '[{\"name\":\"选择题\",\"questionItems\":[{\"id\":5,\"itemOrder\":1},{\"id\":2,\"itemOrder\":2}]}]', '2022-04-07 01:55:37');
INSERT INTO `t_text_content` VALUES (72, '[{\"name\":\"一、选择题\",\"questionItems\":[{\"id\":2,\"itemOrder\":1}]}]', '2022-04-08 11:58:16');
INSERT INTO `t_text_content` VALUES (73, '[{\"name\":\"一、选择题\",\"questionItems\":[{\"id\":2,\"itemOrder\":1},{\"id\":5,\"itemOrder\":2}]}]', '2022-04-08 12:03:09');
INSERT INTO `t_text_content` VALUES (74, '[{\"name\":\"自动组卷默认题目\",\"questionItems\":[{\"id\":3,\"itemOrder\":1},{\"id\":8,\"itemOrder\":2}]}]', '2022-04-09 07:07:19');
INSERT INTO `t_text_content` VALUES (75, '[{\"name\":\"自动组卷默认题目\",\"questionItems\":[{\"id\":2,\"itemOrder\":1},{\"id\":8,\"itemOrder\":2}]}]', '2022-04-09 07:08:55');
INSERT INTO `t_text_content` VALUES (76, '{\"titleContent\":\"<p class=\\\"ueditor-p\\\"><span style=\\\"--tw-border-opacity:1; border: 0px solid #DDDDDD; --tw-shadow:0 0 #0000; --tw-ring-inset:var(--tw-empty, ); --tw-ring-offset-width:0px; --tw-ring-offset-color:#fff; --tw-ring-color:rgba(59,151,255,0.5); --tw-ring-offset-shadow:0 0 #0000; --tw-ring-shadow:0 0 #0000; color: #333333; font-family: system, -apple-system, BlinkMacSystemFont, &quot;Helvetica Neue&quot;, Helvetica, &quot;PingFang SC&quot;, &quot;Segoe UI&quot;, &quot;Microsoft YaHei&quot;, &quot;wenquanyi micro hei&quot;, &quot;Hiragino Sans GB&quot;, &quot;Hiragino Sans GB W3&quot;, Roboto, Oxygen, Ubuntu, Cantarell, &quot;Fira Sans&quot;, &quot;Droid Sans&quot;, Arial, sans-serif; font-size: 14px; text-indent: -22.6667px; background-color: #FFFFFF;\\\">Linux</span><span style=\\\"color: #333333; font-family: system, -apple-system, BlinkMacSystemFont, &quot;Helvetica Neue&quot;, Helvetica, &quot;PingFang SC&quot;, &quot;Segoe UI&quot;, &quot;Microsoft YaHei&quot;, &quot;wenquanyi micro hei&quot;, &quot;Hiragino Sans GB&quot;, &quot;Hiragino Sans GB W3&quot;, Roboto, Oxygen, Ubuntu, Cantarell, &quot;Fira Sans&quot;, &quot;Droid Sans&quot;, Arial, sans-serif; font-size: 14px; text-indent: -22.6667px; background-color: #FFFFFF;\\\">&nbsp;</span><span style=\\\"--tw-border-opacity:1; border: 0px solid #DDDDDD; --tw-shadow:0 0 #0000; --tw-ring-inset:var(--tw-empty, ); --tw-ring-offset-width:0px; --tw-ring-offset-color:#fff; --tw-ring-color:rgba(59,151,255,0.5); --tw-ring-offset-shadow:0 0 #0000; --tw-ring-shadow:0 0 #0000; color: #333333; font-family: system, -apple-system, BlinkMacSystemFont, &quot;Helvetica Neue&quot;, Helvetica, &quot;PingFang SC&quot;, &quot;Segoe UI&quot;, &quot;Microsoft YaHei&quot;, &quot;wenquanyi micro hei&quot;, &quot;Hiragino Sans GB&quot;, &quot;Hiragino Sans GB W3&quot;, Roboto, Oxygen, Ubuntu, Cantarell, &quot;Fira Sans&quot;, &quot;Droid Sans&quot;, Arial, sans-serif; font-size: 14px; text-indent: -22.6667px; background-color: #FFFFFF;\\\">下用于创建新进程的系统调用是：（）。</span></p>\",\"analyze\":\"exit是退出进程<p>pipe是和管道相关的</p><p>kill是杀死进程</p>\",\"questionItemObjects\":[{\"prefix\":\"A\",\"content\":\"fork<br/>\",\"score\":null,\"itemUuid\":null},{\"prefix\":\"B\",\"content\":\"exit\",\"score\":null,\"itemUuid\":null},{\"prefix\":\"C\",\"content\":\"pipe<br/>\",\"score\":null,\"itemUuid\":null},{\"prefix\":\"D\",\"content\":\"kill\",\"score\":null,\"itemUuid\":null}],\"correct\":\"A\"}', '2022-04-09 14:10:54');
INSERT INTO `t_text_content` VALUES (77, '{\"titleContent\":\"机票订购系统处理来自各个终端的服务请求，处理后通过终端回答客户，所以它是一个（ ）\",\"analyze\":\"<span style=\\\"--tw-border-opacity:1; border: 0px solid #DDDDDD; --tw-shadow:0 0 #0000; --tw-ring-inset:var(--tw-empty, ); --tw-ring-offset-width:0px; --tw-ring-offset-color:#fff; --tw-ring-color:rgba(59,151,255,0.5); --tw-ring-offset-shadow:0 0 #0000; --tw-ring-shadow:0 0 #0000; font-weight: 600; color: #333333; font-family: system, -apple-system, BlinkMacSystemFont, &quot;Helvetica Neue&quot;, Helvetica, &quot;PingFang SC&quot;, &quot;Segoe UI&quot;, &quot;Microsoft YaHei&quot;, &quot;wenquanyi micro hei&quot;, &quot;Hiragino Sans GB&quot;, &quot;Hiragino Sans GB W3&quot;, Roboto, Oxygen, Ubuntu, Cantarell, &quot;Fira Sans&quot;, &quot;Droid Sans&quot;, Arial, sans-serif; font-size: 14px; background-color: #FFFFFF;\\\">实时信息处理系统</span><span style=\\\"color: #333333; font-family: system, -apple-system, BlinkMacSystemFont, &quot;Helvetica Neue&quot;, Helvetica, &quot;PingFang SC&quot;, &quot;Segoe UI&quot;, &quot;Microsoft YaHei&quot;, &quot;wenquanyi micro hei&quot;, &quot;Hiragino Sans GB&quot;, &quot;Hiragino Sans GB W3&quot;, Roboto, Oxygen, Ubuntu, Cantarell, &quot;Fira Sans&quot;, &quot;Droid Sans&quot;, Arial, sans-serif; font-size: 14px; background-color: #FFFFFF;\\\">通常是指以计算机为中心的实时信息查询系统和实时事务处理系统，实时信息查询系统的主要特点是配置有</span><span style=\\\"--tw-border-opacity:1; border: 0px solid #DDDDDD; --tw-shadow:0 0 #0000; --tw-ring-inset:var(--tw-empty, ); --tw-ring-offset-width:0px; --tw-ring-offset-color:#fff; --tw-ring-color:rgba(59,151,255,0.5); --tw-ring-offset-shadow:0 0 #0000; --tw-ring-shadow:0 0 #0000; font-weight: 600; color: #333333; font-family: system, -apple-system, BlinkMacSystemFont, &quot;Helvetica Neue&quot;, Helvetica, &quot;PingFang SC&quot;, &quot;Segoe UI&quot;, &quot;Microsoft YaHei&quot;, &quot;wenquanyi micro hei&quot;, &quot;Hiragino Sans GB&quot;, &quot;Hiragino Sans GB W3&quot;, Roboto, Oxygen, Ubuntu, Cantarell, &quot;Fira Sans&quot;, &quot;Droid Sans&quot;, Arial, sans-serif; font-size: 14px; background-color: #FFFFFF;\\\">大型文件系统或数据库</span><span style=\\\"color: #333333; font-family: system, -apple-system, BlinkMacSystemFont, &quot;Helvetica Neue&quot;, Helvetica, &quot;PingFang SC&quot;, &quot;Segoe UI&quot;, &quot;Microsoft YaHei&quot;, &quot;wenquanyi micro hei&quot;, &quot;Hiragino Sans GB&quot;, &quot;Hiragino Sans GB W3&quot;, Roboto, Oxygen, Ubuntu, Cantarell, &quot;Fira Sans&quot;, &quot;Droid Sans&quot;, Arial, sans-serif; font-size: 14px; background-color: #FFFFFF;\\\">，并具有向用户提供简单方便快速查询的能力，其典型的应用例子有仓库管理系统和医务信息系统等。实时事务处理系统的主要特点就是</span><span style=\\\"--tw-border-opacity:1; border: 0px solid #DDDDDD; --tw-shadow:0 0 #0000; --tw-ring-inset:var(--tw-empty, ); --tw-ring-offset-width:0px; --tw-ring-offset-color:#fff; --tw-ring-color:rgba(59,151,255,0.5); --tw-ring-offset-shadow:0 0 #0000; --tw-ring-shadow:0 0 #0000; font-weight: 600; color: #333333; font-family: system, -apple-system, BlinkMacSystemFont, &quot;Helvetica Neue&quot;, Helvetica, &quot;PingFang SC&quot;, &quot;Segoe UI&quot;, &quot;Microsoft YaHei&quot;, &quot;wenquanyi micro hei&quot;, &quot;Hiragino Sans GB&quot;, &quot;Hiragino Sans GB W3&quot;, Roboto, Oxygen, Ubuntu, Cantarell, &quot;Fira Sans&quot;, &quot;Droid Sans&quot;, Arial, sans-serif; font-size: 14px; background-color: #FFFFFF;\\\">数据库</span><span style=\\\"color: #333333; font-family: system, -apple-system, BlinkMacSystemFont, &quot;Helvetica Neue&quot;, Helvetica, &quot;PingFang SC&quot;, &quot;Segoe UI&quot;, &quot;Microsoft YaHei&quot;, &quot;wenquanyi micro hei&quot;, &quot;Hiragino Sans GB&quot;, &quot;Hiragino Sans GB W3&quot;, Roboto, Oxygen, Ubuntu, Cantarell, &quot;Fira Sans&quot;, &quot;Droid Sans&quot;, Arial, sans-serif; font-size: 14px; background-color: #FFFFFF;\\\">中的数据可随时更新，用户和系统之间频繁地进行交互作用，如飞机订单系统，电子商务系统等</span>\",\"questionItemObjects\":[{\"prefix\":\"A\",\"content\":\"<p>分时系统</p>\",\"score\":null,\"itemUuid\":null},{\"prefix\":\"B\",\"content\":\"多道批处理系统\",\"score\":null,\"itemUuid\":null},{\"prefix\":\"C\",\"content\":\"计算机网络\",\"score\":null,\"itemUuid\":null},{\"prefix\":\"D\",\"content\":\"实时信息处理系统\",\"score\":null,\"itemUuid\":null}],\"correct\":\"D\"}', '2022-04-09 14:12:15');
INSERT INTO `t_text_content` VALUES (78, '{\"titleContent\":\"下面（）不是进程控制块（PCB）的内容之一。\",\"analyze\":\"<p class=\\\"ueditor-p\\\">在不同的操作系统中对进程的控制和管理机制不同，PCB中的信息多少也不一样，通常PCB应包含如下一些信息。</p><p class=\\\"ueditor-p\\\"><br/></p><p class=\\\"ueditor-p\\\">1、进程标识符 name：</p><p class=\\\"ueditor-p\\\"><br/></p><p class=\\\"ueditor-p\\\">&nbsp; &nbsp; &nbsp;每个进程都必须有一个唯一的标识符，可以是字符串，也可以是一个数字。UNIX系统中就是一个整型数。在进程创建时由系统赋予。</p><p class=\\\"ueditor-p\\\"><br/></p><p class=\\\"ueditor-p\\\">2、进程当前状态 status：</p><p class=\\\"ueditor-p\\\"><br/></p><p class=\\\"ueditor-p\\\">&nbsp; &nbsp; &nbsp; &nbsp;说明进程当前所处的状态。为了管理的方便，系统设计时会将相同的状态的进程组成一个队列，如就绪进程队列，等待进程则要根据等待的事件组成多个等待队列，如等待打印机队列、等待磁盘I/O完成队列等等。</p><p class=\\\"ueditor-p\\\"><br/></p><p class=\\\"ueditor-p\\\">3、进程相应的程序和数据地址，以便把PCB与其程序和数据联系起来。</p><p class=\\\"ueditor-p\\\"><br/></p><p class=\\\"ueditor-p\\\">4、进程资源清单。列出所拥有的除CPU外的资源记录，如拥有的I/O设备，打开的文件列表等。</p><p class=\\\"ueditor-p\\\"><br/></p><p class=\\\"ueditor-p\\\">5、进程优先级 priority：</p><p class=\\\"ueditor-p\\\"><br/></p><p class=\\\"ueditor-p\\\">&nbsp; &nbsp; &nbsp; &nbsp;进程的优先级反映进程的紧迫程序，通常由用户指定和系统设置。UNIX系统采用用户设置和系统计算相结合的方式确定进程的优先级 。</p><p class=\\\"ueditor-p\\\"><br/></p><p class=\\\"ueditor-p\\\">6、CPU现场保护区 cpustatus：</p><p class=\\\"ueditor-p\\\"><br/></p><p class=\\\"ueditor-p\\\">&nbsp; &nbsp; &nbsp; &nbsp;当进程因某种原因不能继续占用CPU时（等待打印机），释放CPU，这时就要将CPU的各种状态信息保护起来，为将来再次得到处理机恢复CPU的各种状态，继续运行。</p><p class=\\\"ueditor-p\\\"><br/></p><p class=\\\"ueditor-p\\\">7、进程同步与通信机制 用于实现进程间互斥、同步和通信所需的信号量等。</p><p class=\\\"ueditor-p\\\"><br/></p><p class=\\\"ueditor-p\\\">8、进程所在队列PCB的链接字&nbsp; &nbsp;根据进程所处的现行状态，进程相应的PCB参加到不同队列中。PCB链接字指出该进程所在队列中下一个进程PCB的首地址。</p><p class=\\\"ueditor-p\\\"><br/></p><p class=\\\"ueditor-p\\\">9、与进程有关的其他信息。 如进程记账信息，进程占用CPU的时间等。</p><p><br/></p>\",\"questionItemObjects\":[{\"prefix\":\"A\",\"content\":\"<p>进程打开文件</p>\",\"score\":null,\"itemUuid\":null},{\"prefix\":\"B\",\"content\":\"进程调度信息\",\"score\":null,\"itemUuid\":null},{\"prefix\":\"C\",\"content\":\"<p>虚拟内存信息</p>\",\"score\":null,\"itemUuid\":null},{\"prefix\":\"D\",\"content\":\"<p class=\\\"ueditor-p\\\">完整的程序代码</p>\",\"score\":null,\"itemUuid\":null}],\"correct\":\"D\"}', '2022-04-09 14:14:26');
INSERT INTO `t_text_content` VALUES (79, '{\"titleContent\":\"<p class=\\\"ueditor-p\\\">依赖硬件的数据传送方式是( )。</p>\",\"analyze\":\"<p class=\\\"ueditor-p\\\">程序直接控制方式：也称查询方式，采用该方式数据在CPU和外设间的传送完全靠计算机程序控制，CPU的操作和外围设备操作同步，硬件结构简单，但由于外部设备动作慢，浪费CPU时间多，系统效率低。</p><p class=\\\"ueditor-p\\\">程序中断方式：外设备准备就绪后中断方式猪肚通知CPU，在CPU相应I/O设备的中断请求后，在暂停现行程序的执行，转为I/O设备服务可明显提高CPU的利用率，在一定程度上实现了主机和I/O设备的并行工作，但硬件结构负载，服务开销时间大 。</p><p class=\\\"ueditor-p\\\">DMA方式与中断方式一样，实现了主机和I/O设备的并行工作，由于DMA方式直接依靠硬件实现贮存与I/O设备之间的数据传送，传送期间不需要CPU程序干预，CPU可继续执行原来的程序。因此，CPU利用率和系统效率比中断方式更高，但DMA方式的硬件结构更为复杂。</p>\",\"questionItemObjects\":[{\"prefix\":\"A\",\"content\":\"程序控制\",\"score\":null,\"itemUuid\":null},{\"prefix\":\"B\",\"content\":\"程序中断\",\"score\":null,\"itemUuid\":null},{\"prefix\":\"C\",\"content\":\"DMA\",\"score\":null,\"itemUuid\":null},{\"prefix\":\"D\",\"content\":\"无\",\"score\":null,\"itemUuid\":null}],\"correct\":\"C\"}', '2022-04-09 14:15:31');
INSERT INTO `t_text_content` VALUES (80, '{\"titleContent\":\"<p class=\\\"ueditor-p\\\">系统的主要功能有（）。</p>\",\"analyze\":\"<p class=\\\"ueditor-p\\\">操作系统的五大管理功能:</p><p class=\\\"ueditor-p\\\">&nbsp;（1）作业管理：包括任务、界面管理、人机交互、图形界面、语音控制和虚拟现实等；</p><p class=\\\"ueditor-p\\\">&nbsp;（2）文件管理：又称为信息管理；</p><p class=\\\"ueditor-p\\\">&nbsp;（3）存储管理：实质是对存储“空间”的管理，主要指对主存的管理；</p><p class=\\\"ueditor-p\\\">&nbsp;（4）设备管理：实质是对硬件设备的管理，其中包括对输入输出设备的分配、启动、完成和回收；</p><p class=\\\"ueditor-p\\\">&nbsp;（5）进程管理：实质上是对处理机执行“时间”的管理，即如何将CPU真正合理地分配给每个任务。</p>\",\"questionItemObjects\":[{\"prefix\":\"A\",\"content\":\"进程管理、存储器管理、设备管理、处理机管理\",\"score\":null,\"itemUuid\":null},{\"prefix\":\"B\",\"content\":\"虚拟存储管理、处理机管理、进程调度、文件系统\",\"score\":null,\"itemUuid\":null},{\"prefix\":\"C\",\"content\":\"处理机管理、存储器管理、设备管理、文件系统\",\"score\":null,\"itemUuid\":null},{\"prefix\":\"D\",\"content\":\"进程管理、中断管理、设备管理、文件系统\",\"score\":null,\"itemUuid\":null}],\"correct\":\"C\"}', '2022-04-09 14:16:54');
INSERT INTO `t_text_content` VALUES (81, '{\"titleContent\":\"申请设备时使用逻辑设备名将使设备分配的灵活性更强，这样的说法正确吗？\",\"analyze\":\"<p class=\\\"ueditor-p\\\">使用逻辑设备名：1.增加设备分配的灵活性 2.易于实现I/O重定向</p><p class=\\\"ueditor-p\\\"><br/></p><p class=\\\"ueditor-p\\\">使用物理设备名：可以唯一的标识和区分设备</p>\",\"questionItemObjects\":[{\"prefix\":\"A\",\"content\":\"是\",\"score\":null,\"itemUuid\":null},{\"prefix\":\"B\",\"content\":\"否\",\"score\":null,\"itemUuid\":null}],\"correct\":\"A\"}', '2022-04-09 14:17:57');
INSERT INTO `t_text_content` VALUES (82, '{\"titleContent\":\"写出完成gdb查看线程信息功能的gdb命令。\",\"analyze\":\"info threads 显示当前可调试的所有线程，每个线程会有一个GDB为其分配的ID，后面操作线程的时候会用到这个ID。 前面有*的是当前调试的线程。\",\"questionItemObjects\":[{\"prefix\":\"A\",\"content\":\"bt\",\"score\":null,\"itemUuid\":null},{\"prefix\":\"B\",\"content\":\"info thread\",\"score\":null,\"itemUuid\":null},{\"prefix\":\"C\",\"content\":\"set scheduler-locking off\",\"score\":null,\"itemUuid\":null},{\"prefix\":\"D\",\"content\":\"info break\",\"score\":null,\"itemUuid\":null}],\"correct\":\"B\"}', '2022-04-09 14:18:38');
INSERT INTO `t_text_content` VALUES (83, '{\"titleContent\":\"<p class=\\\"ueditor-p\\\">解决死锁问题通常意味着牺牲资源的效率。</p>\",\"analyze\":\"解决死锁通常是释放部分进程资源，故牺牲了资源的效率\",\"questionItemObjects\":[{\"prefix\":\"A\",\"content\":\"是\",\"score\":null,\"itemUuid\":null},{\"prefix\":\"B\",\"content\":\"否\",\"score\":null,\"itemUuid\":null}],\"correct\":\"A\"}', '2022-04-09 14:19:24');
INSERT INTO `t_text_content` VALUES (84, '{\"titleContent\":\"解决死锁通常是释放部分进程资源，故牺牲了资源的效率\",\"analyze\":\"<p class=\\\"ueditor-p\\\">内存数据不经过CPU直接到外设，这里外设是磁盘没问题；</p><p class=\\\"ueditor-p\\\">我感觉打印机也没有问题，之前打印论文，点击打印，之后把U盘拔掉打印机也可以工作，工作的时候CPU占用率也不见上升，</p><p class=\\\"ueditor-p\\\">所以猜测是内存和打印机的交互。</p>\",\"questionItemObjects\":[{\"prefix\":\"A\",\"content\":\"打印机\",\"score\":null,\"itemUuid\":null},{\"prefix\":\"B\",\"content\":\"键盘\",\"score\":null,\"itemUuid\":null},{\"prefix\":\"C\",\"content\":\"鼠标\",\"score\":null,\"itemUuid\":null},{\"prefix\":\"D\",\"content\":\"磁盘\",\"score\":null,\"itemUuid\":null}],\"correct\":\"D\"}', '2022-04-09 14:20:05');
INSERT INTO `t_text_content` VALUES (85, '[{\"name\":\"自动组卷默认题目\",\"questionItems\":[{\"id\":10,\"itemOrder\":1},{\"id\":11,\"itemOrder\":2},{\"id\":13,\"itemOrder\":3}]}]', '2022-04-09 14:20:50');
INSERT INTO `t_text_content` VALUES (86, '[{\"name\":\"自动组卷默认题目\",\"questionItems\":[{\"id\":17,\"itemOrder\":1},{\"id\":11,\"itemOrder\":2},{\"id\":10,\"itemOrder\":3}]}]', '2022-04-10 14:21:59');
INSERT INTO `t_text_content` VALUES (87, '[{\"name\":\"自动组卷默认题目\",\"questionItems\":[{\"id\":10,\"itemOrder\":1},{\"id\":13,\"itemOrder\":2},{\"id\":11,\"itemOrder\":3},{\"id\":17,\"itemOrder\":4}]}]', '2022-04-13 13:54:20');
INSERT INTO `t_text_content` VALUES (88, '[{\"name\":\"自动组卷默认题目\",\"questionItems\":[{\"id\":17,\"itemOrder\":1},{\"id\":15,\"itemOrder\":2},{\"id\":10,\"itemOrder\":3},{\"id\":11,\"itemOrder\":4},{\"id\":13,\"itemOrder\":5}]}]', '2022-04-13 13:55:36');
INSERT INTO `t_text_content` VALUES (89, '[{\"name\":\"自动组卷默认题目\",\"questionItems\":[{\"id\":16,\"itemOrder\":1},{\"id\":17,\"itemOrder\":2},{\"id\":13,\"itemOrder\":3},{\"id\":10,\"itemOrder\":4},{\"id\":11,\"itemOrder\":5},{\"id\":14,\"itemOrder\":6}]}]', '2022-04-13 13:56:18');
INSERT INTO `t_text_content` VALUES (90, '{\"titleContent\":\"人生观的核心是\",\"analyze\":\"[解析]人生观是指对人生的看法，也就是对于人类生存的目的、价值和意义的看法，其核心显然就是人生价值，故选“A”。\",\"questionItemObjects\":[{\"prefix\":\"A\",\"content\":\"<p>人生价值</p>\",\"score\":null,\"itemUuid\":null},{\"prefix\":\"B\",\"content\":\"人生态度\",\"score\":null,\"itemUuid\":null},{\"prefix\":\"C\",\"content\":\"人生信仰\",\"score\":null,\"itemUuid\":null},{\"prefix\":\"D\",\"content\":\"人生目的\",\"score\":null,\"itemUuid\":null}],\"correct\":\"D\"}', '2022-04-14 03:04:32');
INSERT INTO `t_text_content` VALUES (91, '{\"titleContent\":\"中华民族精神的基本内涵主要包括\",\"analyze\":\"<p class=\\\"ueditor-p\\\">中华民族精神的基本内涵主要包括（ABCD) 。——[多选题]</p><p class=\\\"ueditor-p\\\">A伟大团结精神</p><p class=\\\"ueditor-p\\\">B伟大创造精神</p><p class=\\\"ueditor-p\\\">c伟大奋斗精神</p><p class=\\\"ueditor-p\\\">D伟大梦想精神</p>\",\"questionItemObjects\":[{\"prefix\":\"A\",\"content\":\"伟大团结精神\",\"score\":null,\"itemUuid\":null},{\"prefix\":\"B\",\"content\":\"伟大创造精神\",\"score\":null,\"itemUuid\":null},{\"prefix\":\"C\",\"content\":\"伟大奋斗精神\",\"score\":null,\"itemUuid\":null},{\"prefix\":\"D\",\"content\":\"伟大梦想精神\",\"score\":null,\"itemUuid\":null}],\"correct\":\"\"}', '2022-04-14 03:07:40');
INSERT INTO `t_text_content` VALUES (92, '{\"titleContent\":\"中国特色社会主义是党带领人民历经千辛万苦找到的实现中国梦的正确道路\",\"analyze\":\"<p>无解析</p>\",\"questionItemObjects\":[{\"prefix\":\"A\",\"content\":\"是\",\"score\":null,\"itemUuid\":null},{\"prefix\":\"B\",\"content\":\"否\",\"score\":null,\"itemUuid\":null}],\"correct\":\"A\"}', '2022-04-14 03:08:08');
INSERT INTO `t_text_content` VALUES (93, '{\"titleContent\":\"简述社会主义核心价值体系的科学内涵\",\"analyze\":\"简述社会主义核心价值体系的科学内涵。【 简答题】马克思主义指导思想、中国特色社会主义共同理想、以爱国主义为核心的民族精神和以改革创新为核心的时代精神、社会主义荣辱观。\",\"questionItemObjects\":[],\"correct\":\"马克思主义指导思想、中国特色社会主义共同理想、以爱国主义为核心的民族精神和以改革创新为核心的时代精神、社会主义荣辱观。\"}', '2022-04-14 03:08:38');
INSERT INTO `t_text_content` VALUES (94, '[{\"name\":\"一、单选题\",\"questionItems\":[{\"id\":18,\"itemOrder\":1}]},{\"name\":\"二、多选题\",\"questionItems\":[{\"id\":19,\"itemOrder\":2}]},{\"name\":\"三、判断题\",\"questionItems\":[{\"id\":20,\"itemOrder\":3}]},{\"name\":\"四、简答题\",\"questionItems\":[{\"id\":21,\"itemOrder\":4}]}]', '2022-04-14 03:17:04');
INSERT INTO `t_text_content` VALUES (95, '[{\"name\":\"自动组卷默认题目\",\"questionItems\":[{\"id\":19,\"itemOrder\":1},{\"id\":18,\"itemOrder\":2},{\"id\":20,\"itemOrder\":3}]}]', '2022-04-14 03:18:14');

-- ----------------------------
-- Table structure for t_user
-- ----------------------------
DROP TABLE IF EXISTS `t_user`;
CREATE TABLE `t_user`  (
  `id` int(11) NOT NULL AUTO_INCREMENT,
  `user_uuid` varchar(36) CHARACTER SET utf8mb4 COLLATE utf8mb4_general_ci NULL DEFAULT NULL,
  `user_name` varchar(255) CHARACTER SET utf8mb4 COLLATE utf8mb4_general_ci NULL DEFAULT NULL COMMENT '用户名',
  `password` varchar(255) CHARACTER SET utf8mb4 COLLATE utf8mb4_general_ci NULL DEFAULT NULL,
  `real_name` varchar(255) CHARACTER SET utf8mb4 COLLATE utf8mb4_general_ci NULL DEFAULT NULL COMMENT '真实姓名',
  `age` int(11) NULL DEFAULT NULL,
  `sex` int(11) NULL DEFAULT NULL COMMENT '1.男 2女',
  `birth_day` datetime NULL DEFAULT NULL,
  `user_level` int(11) NULL DEFAULT NULL COMMENT '学生年级(1-12)',
  `phone` varchar(255) CHARACTER SET utf8mb4 COLLATE utf8mb4_general_ci NULL DEFAULT NULL,
  `role` int(11) NULL DEFAULT NULL COMMENT '1.学生 2.老师 3.管理员',
  `status` int(11) NULL DEFAULT NULL COMMENT '1.启用 2禁用',
  `image_path` varchar(255) CHARACTER SET utf8mb4 COLLATE utf8mb4_general_ci NULL DEFAULT NULL COMMENT '头像地址',
  `create_time` datetime NULL DEFAULT NULL,
  `modify_time` datetime NULL DEFAULT NULL,
  `last_active_time` datetime NULL DEFAULT NULL,
  `deleted` bit(1) NULL DEFAULT NULL COMMENT '是否删除',
  `wx_open_id` varchar(255) CHARACTER SET utf8mb4 COLLATE utf8mb4_general_ci NULL DEFAULT NULL COMMENT '微信openId',
  PRIMARY KEY (`id`) USING BTREE
) ENGINE = InnoDB AUTO_INCREMENT = 8 CHARACTER SET = utf8mb4 COLLATE = utf8mb4_general_ci ROW_FORMAT = COMPACT;

-- ----------------------------
-- Records of t_user
-- ----------------------------
INSERT INTO `t_user` VALUES (1, 'd2d29da2-dcb3-4013-b874-727626236f47', 'student', 'D1AGFL+Gx37t0NPG4d6biYP5Z31cNbwhK5w1lUeiHB2zagqbk8efYfSjYoh1Z/j1dkiRjHU+b0EpwzCh8IGsksJjzD65ci5LsnodQVf4Uj6D3pwoscXGqmkjjpzvSJbx42swwNTA+QoDU8YLo7JhtbUK2X0qCjFGpd+8eJ5BGvk=', '学生', 18, 1, '2019-09-01 16:00:00', 1, '158800882', 1, 1, 'http://image.alvisu.com/Fn4CyLHWvT-kxIrK1ZaqTDidvXzj', '2019-09-07 18:55:02', '2022-09-03 08:51:10', NULL, b'0', NULL);
INSERT INTO `t_user` VALUES (2, '52045f5f-a13f-4ccc-93dd-f7ee8270ad4c', 'admin', 'D1AGFL+Gx37t0NPG4d6biYP5Z31cNbwhK5w1lUeiHB2zagqbk8efYfSjYoh1Z/j1dkiRjHU+b0EpwzCh8IGsksJjzD65ci5LsnodQVf4Uj6D3pwoscXGqmkjjpzvSJbx42swwNTA+QoDU8YLo7JhtbUK2X0qCjFGpd+8eJ5BGvk=', '管理员', 30, 1, '2019-09-07 00:00:00', NULL, '123', 3, 1, NULL, '2019-09-07 18:56:21', '2022-03-04 09:51:27', NULL, b'0', NULL);
INSERT INTO `t_user` VALUES (3, 'a8a85f1b-6a97-4feb-b411-76eec60ba83e', 'test', 'D1AGFL+Gx37t0NPG4d6biYP5Z31cNbwhK5w1lUeiHB2zagqbk8efYfSjYoh1Z/j1dkiRjHU+b0EpwzCh8IGsksJjzD65ci5LsnodQVf4Uj6D3pwoscXGqmkjjpzvSJbx42swwNTA+QoDU8YLo7JhtbUK2X0qCjFGpd+8eJ5BGvk=', NULL, NULL, NULL, NULL, 1, NULL, 1, 1, NULL, '2022-01-19 11:41:09', NULL, '2022-01-19 11:41:09', b'0', NULL);
INSERT INTO `t_user` VALUES (4, '5993a301-ebf8-43a7-8c59-cc2d6c51d2b7', 'student5', 'PEepzkRn07Sb0Yj2qh07AsgrFZJMAqkONTWjrYMwvP72/h2qzW5583PFB5bZTHFNiT1pclbm2WMUvCdiTVaVvidg9u69twNgUDZlysvMKOoqXOxkBc5AMv5U1PD/XSVMo6nDipIYoMzmf0BHfbwe3eNOUd40//9JJeSyXuy8rNo=', NULL, NULL, NULL, NULL, 1, NULL, 1, 1, NULL, '2022-03-03 21:03:24', '2022-03-29 15:27:48', '2022-03-03 21:03:24', b'0', NULL);
INSERT INTO `t_user` VALUES (5, '5e6730f3-538b-46e6-b46a-f492e2be72e1', 'student6', 'gRTSVXDBZbOvop30hlq6KNzgQvgLYHt1yIKNgHpSI84fb0LecgSLd27NcWuIzLs9UKrHaxDYzAgq9O/lKRr3anbjlqgmgDCc6BO21931U+ule5Bw+T9hftFK+feqby06h4vJnEO3X5N6bZGbLga8DYHzf5zYQmoUKQ7A72j7Dzo=', 'student5', NULL, NULL, NULL, 1, NULL, 1, 1, NULL, '2022-03-03 23:14:36', '2022-03-04 09:50:07', '2022-03-03 23:14:36', b'1', NULL);
INSERT INTO `t_user` VALUES (6, 'f19e8df9-67d2-44fa-a81f-6901b91b33fd', 'haha', 'JxqNE332pdhNL8LaBwCQQtJKXm26L0O7JDitNLwmIuJKNMIjW4AFgilLj8aWHm8XwmsEpSEj43hr0oZ/+Nx0cwW7ygiLUswOCyyO9cRYe5Y7L1HKOEzlrF4g3TM1vFfYoU6x6teTTG36QgJdydVvbB4MAmvrpMbFwccr9+FzGO4=', 'haha', NULL, NULL, NULL, 2, NULL, 1, 1, NULL, '2022-03-04 09:52:34', NULL, '2022-03-04 09:52:34', b'1', NULL);
INSERT INTO `t_user` VALUES (7, '984aa1b4-5774-4106-b991-e12622d367d0', 'zs', 'hVpAaaej3jo2UHS5r6zgXE5ZxLFH/ybI6ZtRGfTFPW6ydxmhPQ1oSnf/GjDgba9BzB+Z7v2f+Wfrpx/xceAIqOEs11kNzDiRRyMejUw+nagbmdHLVwEyHJ3PU27aP6jMXrf0iGaHc6LRpYy8PFHKrI5vd2NMaJkAH8ZYyjciTuA=', '教师', NULL, NULL, NULL, 1, NULL, 1, 1, NULL, '2022-04-10 05:31:08', NULL, '2022-04-10 05:31:08', b'0', NULL);

-- ----------------------------
-- Table structure for t_user_class
-- ----------------------------
DROP TABLE IF EXISTS `t_user_class`;
CREATE TABLE `t_user_class`  (
  `id` int(11) NOT NULL AUTO_INCREMENT,
  `user_id` int(11) NOT NULL,
  `class_id` int(11) NOT NULL,
  PRIMARY KEY (`id`) USING BTREE
) ENGINE = InnoDB AUTO_INCREMENT = 49 CHARACTER SET = utf8mb4 COLLATE = utf8mb4_general_ci ROW_FORMAT = DYNAMIC;

-- ----------------------------
-- Records of t_user_class
-- ----------------------------
INSERT INTO `t_user_class` VALUES (34, 100030019, 26);
INSERT INTO `t_user_class` VALUES (35, 100030012, 26);
INSERT INTO `t_user_class` VALUES (36, 100030013, 26);
INSERT INTO `t_user_class` VALUES (37, 100030011, 26);
INSERT INTO `t_user_class` VALUES (38, 100030027, 26);
INSERT INTO `t_user_class` VALUES (39, 100030027, 27);
INSERT INTO `t_user_class` VALUES (41, 100030022, 28);
INSERT INTO `t_user_class` VALUES (42, 100030014, 27);
INSERT INTO `t_user_class` VALUES (43, 100030015, 27);
INSERT INTO `t_user_class` VALUES (44, 100030017, 27);
INSERT INTO `t_user_class` VALUES (45, 100030016, 27);
INSERT INTO `t_user_class` VALUES (46, 100030020, 27);
INSERT INTO `t_user_class` VALUES (47, 100030018, 27);
INSERT INTO `t_user_class` VALUES (48, 100030026, 27);

-- ----------------------------
-- Table structure for t_user_event_log
-- ----------------------------
DROP TABLE IF EXISTS `t_user_event_log`;
CREATE TABLE `t_user_event_log`  (
  `id` int(11) NOT NULL AUTO_INCREMENT,
  `user_id` int(11) NULL DEFAULT NULL COMMENT '用户id',
  `user_name` varchar(255) CHARACTER SET utf8mb4 COLLATE utf8mb4_general_ci NULL DEFAULT NULL COMMENT '用户名',
  `real_name` varchar(255) CHARACTER SET utf8mb4 COLLATE utf8mb4_general_ci NULL DEFAULT NULL COMMENT '真实姓名',
  `content` text CHARACTER SET utf8mb4 COLLATE utf8mb4_general_ci NULL COMMENT '内容',
  `create_time` datetime NULL DEFAULT NULL COMMENT '时间',
  PRIMARY KEY (`id`) USING BTREE
) ENGINE = InnoDB AUTO_INCREMENT = 130 CHARACTER SET = utf8mb4 COLLATE = utf8mb4_general_ci ROW_FORMAT = COMPACT;

-- ----------------------------
-- Records of t_user_event_log
-- ----------------------------
INSERT INTO `t_user_event_log` VALUES (1, 3, 'test', NULL, '欢迎 test 注册来到学之思开源考试系统', '2022-01-19 11:41:09');
INSERT INTO `t_user_event_log` VALUES (2, 3, 'test', NULL, 'test 登录了学之思开源考试系统', '2022-01-19 11:41:16');
INSERT INTO `t_user_event_log` VALUES (3, 2, 'admin', '管理员', 'admin 登录了学之思开源考试系统', '2022-01-19 11:42:48');
INSERT INTO `t_user_event_log` VALUES (4, 3, 'test', NULL, 'test 登录了学之思开源考试系统', '2022-01-19 11:45:59');
INSERT INTO `t_user_event_log` VALUES (5, 3, 'test', NULL, 'test 提交试卷：其中考试 得分：1 耗时：3 秒', '2022-01-19 11:46:09');
INSERT INTO `t_user_event_log` VALUES (6, 3, 'test', NULL, 'test 提交试卷：其中考试 得分：0 耗时：2 秒', '2022-01-19 11:46:36');
INSERT INTO `t_user_event_log` VALUES (7, 2, 'admin', '管理员', 'admin 登录了学之思开源考试系统', '2022-01-27 15:09:40');
INSERT INTO `t_user_event_log` VALUES (8, 2, 'admin', '管理员', 'admin 登录了学之思开源考试系统', '2022-01-27 15:09:49');
INSERT INTO `t_user_event_log` VALUES (9, 1, 'student', '学生', 'student 登录了学之思开源考试系统', '2022-01-27 15:10:28');
INSERT INTO `t_user_event_log` VALUES (10, 2, 'admin', '管理员', 'admin 登录了学之思开源考试系统', '2022-01-27 15:11:36');
INSERT INTO `t_user_event_log` VALUES (11, 1, 'student', '学生', 'student 登录了学之思开源考试系统', '2022-01-27 15:11:57');
INSERT INTO `t_user_event_log` VALUES (12, 2, 'admin', '管理员', 'admin 登录了学之思开源考试系统', '2022-01-27 15:12:46');
INSERT INTO `t_user_event_log` VALUES (13, 1, 'student', '学生', 'student 登录了学之思开源考试系统', '2022-01-27 15:21:26');
INSERT INTO `t_user_event_log` VALUES (14, 2, 'admin', '管理员', 'admin 登录了学之思开源考试系统', '2022-01-27 15:22:43');
INSERT INTO `t_user_event_log` VALUES (15, 1, 'student', '学生', 'student 登录了学之思开源考试系统', '2022-01-27 15:23:05');
INSERT INTO `t_user_event_log` VALUES (16, 2, 'admin', '管理员', 'admin 登录了学之思开源考试系统', '2022-01-27 15:35:18');
INSERT INTO `t_user_event_log` VALUES (17, 1, 'student', '学生', 'student 登录了学之思开源考试系统', '2022-01-27 15:41:54');
INSERT INTO `t_user_event_log` VALUES (18, 2, 'admin', '管理员', 'admin 登录了学之思开源考试系统', '2022-01-27 15:45:11');
INSERT INTO `t_user_event_log` VALUES (19, 2, 'admin', '管理员', 'admin 登录了学之思开源考试系统', '2022-01-28 19:33:02');
INSERT INTO `t_user_event_log` VALUES (20, 1, 'student', '学生', 'student 登录了学之思开源考试系统', '2022-01-28 19:33:33');
INSERT INTO `t_user_event_log` VALUES (21, 2, 'admin', '管理员', 'admin 登录了学之思开源考试系统', '2022-01-28 19:35:04');
INSERT INTO `t_user_event_log` VALUES (22, 1, 'student', '学生', 'student 登出了学之思开源考试系统', '2022-01-28 19:35:40');
INSERT INTO `t_user_event_log` VALUES (23, 1, 'student', '学生', 'student 登录了学之思开源考试系统', '2022-01-28 19:37:26');
INSERT INTO `t_user_event_log` VALUES (24, 1, 'student', '学生', 'student 提交试卷：高三数学 得分：0 耗时：2 秒', '2022-01-28 19:40:24');
INSERT INTO `t_user_event_log` VALUES (25, 1, 'student', '学生', 'student 提交试卷：高三数学 得分：0 耗时：1 秒', '2022-01-28 19:40:49');
INSERT INTO `t_user_event_log` VALUES (26, 1, 'student', '学生', 'student 提交试卷：高三数学 得分：0 耗时：3 秒', '2022-01-28 19:42:11');
INSERT INTO `t_user_event_log` VALUES (27, 1, 'student', '学生', 'student 提交试卷：高三数学 得分：1 耗时：1 秒', '2022-01-28 19:42:26');
INSERT INTO `t_user_event_log` VALUES (28, 1, 'student', '学生', 'student 提交试卷：高三数学2 得分：0 耗时：1 秒', '2022-01-28 19:43:04');
INSERT INTO `t_user_event_log` VALUES (29, 1, 'student', '学生', 'student 批改试卷：高三数学2 得分：1', '2022-01-28 19:43:14');
INSERT INTO `t_user_event_log` VALUES (30, 1, 'student', '学生', 'student 提交试卷：高三数学2 得分：0 耗时：1 秒', '2022-01-28 19:43:48');
INSERT INTO `t_user_event_log` VALUES (31, 1, 'student', '学生', 'student 提交试卷：高三数学2 得分：0 耗时：1 秒', '2022-01-28 19:44:21');
INSERT INTO `t_user_event_log` VALUES (32, 1, 'student', '学生', 'student 批改试卷：高三数学2 得分：1', '2022-01-28 19:44:30');
INSERT INTO `t_user_event_log` VALUES (33, 1, 'student', '学生', 'student 登录了学之思开源考试系统', '2022-01-28 20:10:07');
INSERT INTO `t_user_event_log` VALUES (34, 2, 'admin', '管理员', 'admin 登录了学之思开源考试系统', '2022-01-28 20:14:53');
INSERT INTO `t_user_event_log` VALUES (35, 2, 'admin', '管理员', 'admin 登录了学之思开源考试系统', '2022-02-25 16:03:13');
INSERT INTO `t_user_event_log` VALUES (36, 2, 'admin', '管理员', 'admin 登录了学之思开源考试系统', '2022-02-25 16:03:58');
INSERT INTO `t_user_event_log` VALUES (37, 2, 'admin', '管理员', 'admin 登录了学之思开源考试系统', '2022-02-25 16:08:20');
INSERT INTO `t_user_event_log` VALUES (38, 2, 'admin', '管理员', 'admin 登录了学之思开源考试系统', '2022-02-25 16:20:57');
INSERT INTO `t_user_event_log` VALUES (39, 2, 'admin', '管理员', 'admin 登录了学之思开源考试系统', '2022-02-25 16:20:55');
INSERT INTO `t_user_event_log` VALUES (40, 2, 'admin', '管理员', 'admin 登录了学之思开源考试系统', '2022-02-25 16:21:33');
INSERT INTO `t_user_event_log` VALUES (41, 2, 'admin', '管理员', 'admin 登出了学之思开源考试系统', '2022-02-25 16:31:48');
INSERT INTO `t_user_event_log` VALUES (42, 2, 'admin', '管理员', 'admin 登录了学之思开源考试系统', '2022-02-25 16:32:01');
INSERT INTO `t_user_event_log` VALUES (43, 2, 'admin', '管理员', 'admin 登出了学之思开源考试系统', '2022-02-25 16:36:52');
INSERT INTO `t_user_event_log` VALUES (44, 2, 'admin', '管理员', 'admin 登录了学之思开源考试系统', '2022-02-25 16:37:09');
INSERT INTO `t_user_event_log` VALUES (45, 2, 'admin', '管理员', 'admin 登录了学之思开源考试系统', '2022-02-25 16:41:49');
INSERT INTO `t_user_event_log` VALUES (46, 2, 'admin', '管理员', 'admin 登录了学之思开源考试系统', '2022-02-25 16:44:24');
INSERT INTO `t_user_event_log` VALUES (47, 2, 'admin', '管理员', 'admin 登录了学之思开源考试系统', '2022-02-25 16:50:42');
INSERT INTO `t_user_event_log` VALUES (48, 2, 'admin', '管理员', 'admin 登录了学之思开源考试系统', '2022-02-25 16:50:56');
INSERT INTO `t_user_event_log` VALUES (49, 2, 'admin', '管理员', 'admin 登录了学之思开源考试系统', '2022-02-27 13:35:40');
INSERT INTO `t_user_event_log` VALUES (50, 1, 'student', '学生', 'student 登录了学之思开源考试系统', '2022-02-27 13:36:28');
INSERT INTO `t_user_event_log` VALUES (51, 1, 'student', '学生', 'student 提交试卷：高三数学2 得分：0 耗时：4 秒', '2022-02-27 13:38:07');
INSERT INTO `t_user_event_log` VALUES (52, 1, 'student', '学生', 'student 批改试卷：高三数学2 得分：1', '2022-02-27 13:38:14');
INSERT INTO `t_user_event_log` VALUES (53, 1, 'student', '学生', 'student 登录了学之思开源考试系统', '2022-02-27 13:42:03');
INSERT INTO `t_user_event_log` VALUES (54, 1, 'student', '学生', 'student 登录了学之思开源考试系统', '2022-02-27 13:42:10');
INSERT INTO `t_user_event_log` VALUES (55, 2, 'admin', '管理员', 'admin 登录了学之思开源考试系统', '2022-02-27 13:43:03');
INSERT INTO `t_user_event_log` VALUES (56, 1, 'student', '学生', 'student 登录了学之思开源考试系统', '2022-02-27 13:44:13');
INSERT INTO `t_user_event_log` VALUES (57, 1, 'student', '学生', 'student 登录了学之思开源考试系统', '2022-03-03 21:29:26');
INSERT INTO `t_user_event_log` VALUES (58, 1, 'student', '学生', 'student 登录了学之思开源考试系统', '2022-03-03 21:33:13');
INSERT INTO `t_user_event_log` VALUES (59, 1, 'student', '学生', 'student 登录了学之思开源考试系统', '2022-03-21 20:29:46');
INSERT INTO `t_user_event_log` VALUES (60, 1, 'student', '学生', 'student 提交试卷：3月21日固定试卷 得分：0 耗时：1 秒', '2022-03-21 20:29:53');
INSERT INTO `t_user_event_log` VALUES (61, 1, 'student', '学生', 'student 登录了学之思开源考试系统', '2022-03-21 20:51:01');
INSERT INTO `t_user_event_log` VALUES (62, 1, 'student', '学生', 'student 提交试卷：3月21日固定试卷 得分：0 耗时：1 秒', '2022-03-21 20:51:08');
INSERT INTO `t_user_event_log` VALUES (63, 2, 'admin', '管理员', 'admin 登录了学之思开源考试系统', '2022-03-21 20:52:09');
INSERT INTO `t_user_event_log` VALUES (64, 1, 'student', '学生', 'student 登录了学之思开源考试系统', '2022-03-21 20:52:14');
INSERT INTO `t_user_event_log` VALUES (65, 1, 'student', '学生', 'student 提交试卷：3月21日固定试卷 得分：0 耗时：7 秒', '2022-03-21 20:53:22');
INSERT INTO `t_user_event_log` VALUES (66, 1, 'student', '学生', 'student 提交试卷：3月21日固定试卷 得分：0 耗时：6 秒', '2022-03-21 21:08:40');
INSERT INTO `t_user_event_log` VALUES (67, 1, 'student', '学生', 'student 提交试卷：3月21日固定试卷 得分：0 耗时：6 秒', '2022-03-21 21:18:42');
INSERT INTO `t_user_event_log` VALUES (68, 1, 'student', '学生', 'student 提交试卷：有单选和多选的试卷-1 得分：0 耗时：5 秒', '2022-03-21 21:19:18');
INSERT INTO `t_user_event_log` VALUES (69, 1, 'student', '学生', 'student 批改试卷：有单选和多选的试卷-1 得分：1', '2022-03-21 21:22:38');
INSERT INTO `t_user_event_log` VALUES (70, 1, 'student', '学生', 'student 提交试卷：3月21日固定试卷 得分：0 耗时：10分 0秒', '2022-03-22 14:09:34');
INSERT INTO `t_user_event_log` VALUES (71, 1, 'student', '学生', 'student 提交试卷：3月21日固定试卷 得分：0 耗时：10分 0秒', '2022-03-22 14:36:24');
INSERT INTO `t_user_event_log` VALUES (72, 1, 'student', '学生', 'student 提交试卷：3月21日固定试卷 得分：0 耗时：10分 0秒', '2022-03-22 14:51:06');
INSERT INTO `t_user_event_log` VALUES (73, 1, 'student', '学生', 'student 提交试卷：3月21日固定试卷 得分：0 耗时：10分 0秒', '2022-03-22 14:51:35');
INSERT INTO `t_user_event_log` VALUES (74, 1, 'student', '学生', 'student 提交试卷：3月21日固定试卷 得分：0 耗时：10分 0秒', '2022-03-22 21:10:47');
INSERT INTO `t_user_event_log` VALUES (75, 1, 'student', '学生', 'student 提交试卷：3月21日固定试卷 得分：0 耗时：10分 0秒', '2022-03-22 21:12:20');
INSERT INTO `t_user_event_log` VALUES (76, 1, 'student', '学生', 'student 提交试卷：3月21日固定试卷 得分：0 耗时：10分 0秒', '2022-03-22 21:42:45');
INSERT INTO `t_user_event_log` VALUES (77, 1, 'student', '学生', 'student 提交试卷：3月21日固定试卷 得分：0 耗时：10分 0秒', '2022-03-23 13:13:18');
INSERT INTO `t_user_event_log` VALUES (78, 1, 'student', '学生', 'student 提交试卷：3月21日固定试卷 得分：0 耗时：10分 0秒', '2022-03-23 16:01:19');
INSERT INTO `t_user_event_log` VALUES (79, 1, 'student', '学生', 'student 提交试卷：3月21日固定试卷 得分：0 耗时：10分 0秒', '2022-03-23 16:04:17');
INSERT INTO `t_user_event_log` VALUES (80, 1, 'student', '学生', 'student 提交试卷：3月21日固定试卷 得分：0 耗时：10分 0秒', '2022-03-23 17:44:26');
INSERT INTO `t_user_event_log` VALUES (81, 1, 'student', '学生', 'student 提交试卷：3月21日固定试卷 得分：0 耗时：10分 0秒', '2022-03-23 17:46:46');
INSERT INTO `t_user_event_log` VALUES (82, 1, 'student', '学生', 'student 提交试卷：3月21日固定试卷 得分：0 耗时：10分 0秒', '2022-03-23 18:03:44');
INSERT INTO `t_user_event_log` VALUES (83, 1, 'student', '学生', 'student 提交试卷：3月21日固定试卷 得分：0 耗时：10分 0秒', '2022-03-23 18:21:33');
INSERT INTO `t_user_event_log` VALUES (84, 1, 'student', '学生', 'student 提交试卷：3月21日固定试卷 得分：0 耗时：10分 0秒', '2022-03-23 20:38:36');
INSERT INTO `t_user_event_log` VALUES (85, 1, 'student', '学生', 'student 提交试卷：3月21日固定试卷 得分：0 耗时：10分 0秒', '2022-03-24 12:27:52');
INSERT INTO `t_user_event_log` VALUES (86, 1, 'student', '学生', 'student 提交试卷：3月21日固定试卷 得分：0 耗时：10分 0秒', '2022-03-24 13:56:04');
INSERT INTO `t_user_event_log` VALUES (87, 1, 'student', '学生', 'student 提交试卷：3月21日固定试卷 得分：0 耗时：10分 0秒', '2022-03-24 17:31:13');
INSERT INTO `t_user_event_log` VALUES (88, 1, 'student', '学生', 'student 提交试卷：3月21日固定试卷 得分：0 耗时：10分 0秒', '2022-03-24 17:32:06');
INSERT INTO `t_user_event_log` VALUES (89, 1, 'student', '学生', 'student 提交试卷：3月21日固定试卷 得分：0 耗时：36 秒', '2022-03-24 19:34:46');
INSERT INTO `t_user_event_log` VALUES (90, 1, 'student', '学生', 'student 提交试卷：3月21日固定试卷 得分：0 耗时：13 秒', '2022-03-24 19:38:20');
INSERT INTO `t_user_event_log` VALUES (91, 1, 'student', '学生', 'student 提交试卷：3月21日固定试卷 得分：0 耗时：24 秒', '2022-03-24 19:39:46');
INSERT INTO `t_user_event_log` VALUES (92, 1, 'student', '学生', 'student 提交试卷：3月21日固定试卷 得分：0 耗时：10分 0秒', '2022-03-24 19:47:57');
INSERT INTO `t_user_event_log` VALUES (93, 1, 'student', '学生', 'student 提交试卷：3月21日固定试卷 得分：0 耗时：25 秒', '2022-03-24 21:04:30');
INSERT INTO `t_user_event_log` VALUES (94, 1, 'student', '学生', 'student 提交试卷：3月25日的固定数学试卷 得分：0 耗时：5分 0秒', '2022-03-25 12:10:50');
INSERT INTO `t_user_event_log` VALUES (95, 1, 'student', '学生', 'student 提交试卷：3月25日的固定数学试卷 得分：0 耗时：5分 0秒', '2022-03-25 12:28:19');
INSERT INTO `t_user_event_log` VALUES (96, 1, 'student', '学生', 'student 提交试卷：3月25日的固定数学试卷 得分：0 耗时：1分 26秒', '2022-03-25 12:36:12');
INSERT INTO `t_user_event_log` VALUES (97, 1, 'student', '学生', 'student 提交试卷：3月25日的固定数学试卷 得分：0 耗时：4分 2秒', '2022-03-25 20:37:40');
INSERT INTO `t_user_event_log` VALUES (98, 1, 'student', '学生', 'student 提交试卷：3月25日的固定数学试卷 得分：0 耗时：1分 46秒', '2022-03-25 20:51:27');
INSERT INTO `t_user_event_log` VALUES (99, 1, 'student', '学生', 'student 提交试卷：3月25日的固定数学试卷 得分：0 耗时：5分 0秒', '2022-03-26 19:39:45');
INSERT INTO `t_user_event_log` VALUES (100, 1, 'student', '学生', 'student 提交试卷：3月25日的固定数学试卷 得分：0 耗时：1分 25秒', '2022-03-26 19:43:30');
INSERT INTO `t_user_event_log` VALUES (101, 1, 'student', '学生', 'student 提交试卷：中级任务二 得分：0 耗时：20分 0秒', '2022-03-26 21:07:22');
INSERT INTO `t_user_event_log` VALUES (102, 1, 'student', '学生', 'student 提交试卷：123 得分：0 耗时：6 秒', '2022-03-27 20:31:52');
INSERT INTO `t_user_event_log` VALUES (103, 1, 'student', '学生', 'student 提交试卷：123 得分：0 耗时：1分 16秒', '2022-03-27 20:33:18');
INSERT INTO `t_user_event_log` VALUES (104, 1, 'student', '学生', 'student 提交试卷：测试试卷111 得分：0 耗时：53 秒', '2022-03-27 20:44:03');
INSERT INTO `t_user_event_log` VALUES (105, 1, 'student', '学生', 'student 提交试卷：3月28考试 得分：0 耗时：8 秒', '2022-03-28 14:13:14');
INSERT INTO `t_user_event_log` VALUES (106, 1, 'student', '学生', 'student 提交试卷：3月28考试 得分：0 耗时：2分 42秒', '2022-03-28 14:24:54');
INSERT INTO `t_user_event_log` VALUES (107, 1, 'student', '学生', 'student 提交试卷：3月28考试 得分：0 耗时：1分 7秒', '2022-03-28 14:26:12');
INSERT INTO `t_user_event_log` VALUES (108, 1, 'student', '学生', 'student 提交试卷：3月29日测试试卷1 得分：0 耗时：2时 0分 0秒', '2022-03-29 18:41:11');
INSERT INTO `t_user_event_log` VALUES (109, 1, 'student', '学生', 'student 提交试卷：试卷试卷329 得分：0 耗时：4分 32秒', '2022-03-29 19:45:17');
INSERT INTO `t_user_event_log` VALUES (110, 1, 'student', '学生', 'student 提交试卷：试卷1 得分：0 耗时：34 秒', '2022-03-29 21:21:44');
INSERT INTO `t_user_event_log` VALUES (111, 1, 'student', '学生', 'student 提交试卷：试卷1 得分：0 耗时：26 秒', '2022-03-30 14:40:35');
INSERT INTO `t_user_event_log` VALUES (112, 1, 'student', '学生', 'student 提交试卷：试卷1 得分：0 耗时：5分 8秒', '2022-03-30 16:21:45');
INSERT INTO `t_user_event_log` VALUES (113, 1, 'student', '学生', 'student 提交试卷：试卷1 得分：0 耗时：50分 0秒', '2022-03-30 22:55:40');
INSERT INTO `t_user_event_log` VALUES (114, 1, 'student', '学生', 'student 提交试卷：试卷1 得分：0 耗时：6分 41秒', '2022-03-31 12:41:02');
INSERT INTO `t_user_event_log` VALUES (115, 1, 'student', '学生', 'student 提交试卷：试卷1 得分：0 耗时：24 秒', '2022-03-31 13:05:37');
INSERT INTO `t_user_event_log` VALUES (116, 1, 'student', '学生', 'student 提交试卷：试卷1 得分：0 耗时：2分 25秒', '2022-03-31 20:36:35');
INSERT INTO `t_user_event_log` VALUES (117, 1, 'student', '学生', 'student 提交试卷：试卷2 得分：0 耗时：10 秒', '2022-04-07 02:38:45');
INSERT INTO `t_user_event_log` VALUES (118, 1, 'student', '学生', 'student 提交试卷：测试试卷 得分：0 耗时：1分 57秒', '2022-04-08 12:01:41');
INSERT INTO `t_user_event_log` VALUES (119, 1, 'student', '学生', 'student 提交试卷：测试试卷1111 得分：0 耗时：1分 3秒', '2022-04-08 12:05:28');
INSERT INTO `t_user_event_log` VALUES (120, 1, 'student', '学生', 'student 提交试卷：自动组卷-操作系统 得分：0 耗时：3分 11秒', '2022-04-10 06:04:40');
INSERT INTO `t_user_event_log` VALUES (121, 1, 'student', '学生', 'student 提交试卷：自动 得分：15 耗时：6 秒', '2022-04-13 10:56:47');
INSERT INTO `t_user_event_log` VALUES (122, 1, 'student', '学生', 'student 提交试卷：自动 得分：0 耗时：1分 1秒', '2022-04-13 13:59:05');
INSERT INTO `t_user_event_log` VALUES (123, 1, 'student', '学生', 'student 提交试卷：自动 得分：5 耗时：34 秒', '2022-04-13 14:07:08');
INSERT INTO `t_user_event_log` VALUES (124, 1, 'student', '学生', 'student 提交试卷：《思想道德基础与法律修养》期末考试-自动组卷 得分：0 耗时：1分 46秒', '2022-04-14 06:32:14');
INSERT INTO `t_user_event_log` VALUES (125, 1, 'student', '学生', 'student 提交试卷：ghfj 得分：15 耗时：36 秒', '2022-08-29 16:13:20');
INSERT INTO `t_user_event_log` VALUES (126, 1, 'student', '学生', 'student 提交试卷：《思想道德基础与法律修养》期末考试-自动组卷 得分：0 耗时：1分 45秒', '2022-08-31 14:39:17');
INSERT INTO `t_user_event_log` VALUES (127, 1, 'student', '学生', 'student 提交试卷：ghfj 得分：0 耗时：57 秒', '2022-09-02 09:56:19');
INSERT INTO `t_user_event_log` VALUES (128, 100030026, '58学生', '诸葛亮', '58学生 提交试卷：《思想道德基础与法律修养》期末考试-自动组卷 得分：10 耗时：1分 50秒', '2022-09-15 14:23:02');
INSERT INTO `t_user_event_log` VALUES (129, 100030026, '58学生', '诸葛亮', '58学生 提交试卷：《思想道德基础与法律修养》期末考试-自动组卷 得分：10 耗时：47 秒', '2022-09-16 14:01:01');

-- ----------------------------
-- Table structure for t_user_token
-- ----------------------------
DROP TABLE IF EXISTS `t_user_token`;
CREATE TABLE `t_user_token`  (
  `id` int(11) NOT NULL AUTO_INCREMENT,
  `token` varchar(36) CHARACTER SET utf8mb4 COLLATE utf8mb4_general_ci NULL DEFAULT NULL,
  `user_id` int(11) NULL DEFAULT NULL COMMENT '用户Id',
  `wx_open_id` varchar(255) CHARACTER SET utf8mb4 COLLATE utf8mb4_general_ci NULL DEFAULT NULL COMMENT '微信openId',
  `create_time` datetime NULL DEFAULT NULL,
  `end_time` datetime NULL DEFAULT NULL,
  `user_name` varchar(255) CHARACTER SET utf8mb4 COLLATE utf8mb4_general_ci NULL DEFAULT NULL COMMENT '用户名',
  PRIMARY KEY (`id`) USING BTREE
) ENGINE = InnoDB AUTO_INCREMENT = 1 CHARACTER SET = utf8mb4 COLLATE = utf8mb4_general_ci ROW_FORMAT = COMPACT;

-- ----------------------------
-- Records of t_user_token
-- ----------------------------

-- ----------------------------
-- Table structure for user
-- ----------------------------
DROP TABLE IF EXISTS `user`;
CREATE TABLE `user`  (
  `id` int(11) NOT NULL AUTO_INCREMENT COMMENT '用户id',
  `name` varchar(255) CHARACTER SET utf8 COLLATE utf8_general_ci NOT NULL COMMENT '用户昵称',
  `portrait` varchar(255) CHARACTER SET utf8 COLLATE utf8_general_ci NULL DEFAULT NULL COMMENT '用户头像地址',
  `phone` varchar(255) CHARACTER SET utf8 COLLATE utf8_general_ci NOT NULL COMMENT '注册手机',
  `password` varchar(255) CHARACTER SET utf8 COLLATE utf8_general_ci NULL DEFAULT NULL COMMENT '用户密码（可以为空，支持只用验证码注册、登录）',
  `reg_ip` varchar(255) CHARACTER SET utf8 COLLATE utf8_general_ci NULL DEFAULT NULL COMMENT '注册ip',
  `account_non_expired` bit(1) NULL DEFAULT b'1' COMMENT '是否有效用户',
  `credentials_non_expired` bit(1) NULL DEFAULT b'1' COMMENT '账号是否未过期',
  `account_non_locked` bit(1) NULL DEFAULT b'1' COMMENT '是否未锁定',
  `status` int(1) UNSIGNED NOT NULL DEFAULT 1 COMMENT '用户状态：1能登录，0不能登录',
  `is_del` bit(1) NOT NULL DEFAULT b'0' COMMENT '是否删除',
  `create_time` datetime NOT NULL COMMENT '注册时间',
  `update_time` datetime NOT NULL COMMENT '记录更新时间',
  `real_name` varchar(255) CHARACTER SET utf8 COLLATE utf8_general_ci NULL DEFAULT NULL COMMENT '真实姓名',
  `age` int(11) NULL DEFAULT NULL COMMENT '年龄',
  `sex` int(2) NULL DEFAULT NULL COMMENT '1男2女',
  `birth_day` datetime NULL DEFAULT NULL COMMENT '生日',
  `user_level` int(11) NULL DEFAULT 1 COMMENT '年级 默认1大学',
  PRIMARY KEY (`id`) USING BTREE,
  UNIQUE INDEX `idx_phone_is_del`(`phone`, `is_del`) USING BTREE
) ENGINE = InnoDB AUTO_INCREMENT = 100030030 CHARACTER SET = utf8 COLLATE = utf8_general_ci ROW_FORMAT = COMPACT;

-- ----------------------------
-- Records of user
-- ----------------------------
INSERT INTO `user` VALUES (100030011, 'student2', 'https://edu-lagou.oss-cn-beijing.aliyuncs.com/images/2020/06/28/15933251448762927.png', '15321919577', '123456', NULL, b'1', b'1', b'1', 1, b'0', '2020-07-10 10:19:15', '2022-09-04 18:18:23', '张三', 12, 1, '2022-09-26 00:00:00', 1);
INSERT INTO `user` VALUES (100030012, 'student3', NULL, '15510792994', '123456', NULL, b'1', b'1', b'1', 1, b'0', '2020-07-10 10:43:01', '2020-07-10 10:43:01', '张四', 12, 2, '2022-09-26 00:00:00', 1);
INSERT INTO `user` VALUES (100030013, 'student4', NULL, '15801363456', '123456', NULL, b'1', b'1', b'1', 1, b'0', '2020-07-10 11:09:11', '2020-07-10 11:09:11', '张五', 12, 1, '2022-09-26 00:00:00', 1);
INSERT INTO `user` VALUES (100030014, '学一', NULL, '15321919571', '123456', NULL, b'1', b'1', b'1', 1, b'0', '2020-07-10 11:10:26', '2020-07-10 11:10:26', '李三', 12, 1, '2022-09-26 00:00:00', 1);
INSERT INTO `user` VALUES (100030015, '学二', NULL, '15801363195', '123456', NULL, b'1', b'1', b'1', 1, b'0', '2020-07-10 11:21:50', '2020-07-10 11:21:50', '李四', 12, 1, NULL, 1);
INSERT INTO `user` VALUES (100030016, '学长', NULL, '15510792995', '123456', NULL, b'1', b'1', b'1', 1, b'0', '2020-07-10 11:23:56', '2020-07-10 11:23:56', '李五', 12, 1, '2022-09-26 00:00:00', 1);
INSERT INTO `user` VALUES (100030017, '学神', NULL, '15811111112', '123456', NULL, b'1', b'1', b'1', 1, b'0', '2020-07-10 11:25:45', '2020-07-13 10:56:31', '王三', 12, 1, NULL, 1);
INSERT INTO `user` VALUES (100030018, '学弟', NULL, '15813795039', '123456', NULL, b'1', b'1', b'1', 1, b'0', '2020-07-10 12:17:35', '2020-07-10 12:17:35', '王四', 12, 2, '2022-09-26 00:00:00', 1);
INSERT INTO `user` VALUES (100030019, 'student2211', 'https://edu-lagou.oss-cn-beijing.aliyuncs.com/images/2020/07/10/15943594999396473.png', '18201288771', '123456', NULL, b'1', b'1', b'1', 0, b'0', '2020-07-10 12:20:16', '2022-09-14 13:30:28', '王五', 11, 1, '2022-09-04 16:00:00', 1);
INSERT INTO `user` VALUES (100030020, '学姐', NULL, '18211111111', '123456', NULL, b'1', b'1', b'1', 1, b'0', '2020-07-10 13:57:41', '2020-07-10 13:57:41', '陈三', 12, 2, '2022-09-26 00:00:00', 1);
INSERT INTO `user` VALUES (100030021, '二老师', NULL, '15811111111', '123456', NULL, b'1', b'1', b'1', 1, b'0', '2020-07-13 11:35:20', '2022-09-09 15:12:10', '陈四', 12, 2, NULL, 1);
INSERT INTO `user` VALUES (100030022, '安卓老师', NULL, '18201288666', '123456', NULL, b'1', b'1', b'1', 1, b'0', '2020-07-13 17:43:52', '2022-09-09 15:08:43', '陈五', 12, 2, NULL, 1);
INSERT INTO `user` VALUES (100030024, '朱老师', NULL, '18631142257', '123456', NULL, b'1', b'1', b'1', 1, b'0', '2020-09-09 15:41:59', '2022-09-09 15:11:14', '罗贯中', 12, 2, NULL, 1);
INSERT INTO `user` VALUES (100030025, '小老师', NULL, '17090086870', '123456', NULL, b'1', b'1', b'1', 1, b'0', '2020-09-23 18:34:33', '2022-09-09 15:11:57', '陈锦华', 20, 1, '2022-09-03 18:54:29', 1);
INSERT INTO `user` VALUES (100030026, '58学生', '', '18631142258', '123456', '', b'1', b'1', b'1', 1, b'0', '2020-09-28 15:07:47', '2022-09-15 12:41:11', '诸葛亮', 12, 2, '2000-05-09 00:00:00', 1);
INSERT INTO `user` VALUES (100030027, '56老师', '', '18631142256', '123456', '', b'1', b'1', b'1', 1, b'0', '2020-09-28 15:07:47', '2022-09-14 13:31:39', '欧阳22', 12, 2, '2022-09-26 00:00:00', 1);
INSERT INTO `user` VALUES (100030028, 'hhx', NULL, '19924688569', '123456', NULL, b'1', b'1', b'1', 1, b'0', '2022-09-04 17:52:54', '2022-09-06 20:44:42', '无能为力', 12, 1, '2022-09-27 00:00:00', 1);
INSERT INTO `user` VALUES (100030029, '123123', NULL, '123123123123', '12312', NULL, b'1', b'1', b'1', 1, b'0', '2022-09-08 06:10:13', '2022-09-08 06:10:13', '3123', 12, 1, '2022-09-25 16:00:00', 1);

-- ----------------------------
-- Table structure for user_role_relation
-- ----------------------------
DROP TABLE IF EXISTS `user_role_relation`;
CREATE TABLE `user_role_relation`  (
  `id` int(11) NOT NULL AUTO_INCREMENT COMMENT '关系id',
  `user_id` int(11) NOT NULL COMMENT '用户id',
  `role_id` int(11) NOT NULL COMMENT '角色id',
  `created_time` datetime NOT NULL COMMENT '创建时间',
  `updated_time` datetime NOT NULL COMMENT '更新时间',
  `created_by` varchar(100) CHARACTER SET utf8mb4 COLLATE utf8mb4_general_ci NOT NULL COMMENT '创建人',
  `updated_by` varchar(100) CHARACTER SET utf8mb4 COLLATE utf8mb4_general_ci NOT NULL COMMENT '更新人',
  PRIMARY KEY (`id`) USING BTREE
) ENGINE = InnoDB AUTO_INCREMENT = 70 CHARACTER SET = utf8mb4 COLLATE = utf8mb4_general_ci COMMENT = '用户和角色关系表' ROW_FORMAT = DYNAMIC;

-- ----------------------------
-- Records of user_role_relation
-- ----------------------------
INSERT INTO `user_role_relation` VALUES (10, 100030023, 3, '2020-08-26 03:58:28', '2020-08-26 03:58:28', '15510792995', '15510792995');
INSERT INTO `user_role_relation` VALUES (21, 100030019, 5, '2020-09-10 10:11:48', '2020-09-10 10:11:48', '18201288771', '18201288771');
INSERT INTO `user_role_relation` VALUES (44, 100030027, 2, '2022-08-18 13:04:51', '2022-08-18 13:04:51', '这个测试', '这个测试');
INSERT INTO `user_role_relation` VALUES (45, 100030022, 8, '2022-08-21 15:27:20', '2022-08-21 15:27:20', '这个测试', '这个测试');
INSERT INTO `user_role_relation` VALUES (47, 100030027, 3, '2022-08-27 07:36:14', '2022-08-27 07:36:14', '18631142256', '18631142256');
INSERT INTO `user_role_relation` VALUES (48, 100030027, 4, '2022-09-04 07:27:08', '2022-09-04 07:27:08', '18631142256', '18631142256');
INSERT INTO `user_role_relation` VALUES (50, 100030027, 8, '2022-09-05 17:02:51', '2022-09-05 17:02:51', '18631142256', '18631142256');
INSERT INTO `user_role_relation` VALUES (52, 100030011, 5, '2022-09-06 12:40:10', '2022-09-06 12:40:10', '18631142256', '18631142256');
INSERT INTO `user_role_relation` VALUES (53, 100030012, 5, '2022-09-06 12:40:16', '2022-09-06 12:40:16', '18631142256', '18631142256');
INSERT INTO `user_role_relation` VALUES (54, 100030013, 5, '2022-09-06 12:40:21', '2022-09-06 12:40:21', '18631142256', '18631142256');
INSERT INTO `user_role_relation` VALUES (55, 100030014, 5, '2022-09-06 12:40:24', '2022-09-06 12:40:24', '18631142256', '18631142256');
INSERT INTO `user_role_relation` VALUES (56, 100030015, 5, '2022-09-06 12:40:28', '2022-09-06 12:40:28', '18631142256', '18631142256');
INSERT INTO `user_role_relation` VALUES (57, 100030016, 5, '2022-09-06 12:40:34', '2022-09-06 12:40:34', '18631142256', '18631142256');
INSERT INTO `user_role_relation` VALUES (58, 100030017, 5, '2022-09-06 12:40:41', '2022-09-06 12:40:41', '18631142256', '18631142256');
INSERT INTO `user_role_relation` VALUES (59, 100030020, 5, '2022-09-06 12:40:59', '2022-09-06 12:40:59', '18631142256', '18631142256');
INSERT INTO `user_role_relation` VALUES (61, 100030024, 8, '2022-09-06 12:42:30', '2022-09-06 12:42:30', '18631142256', '18631142256');
INSERT INTO `user_role_relation` VALUES (62, 100030025, 8, '2022-09-06 12:42:40', '2022-09-06 12:42:40', '18631142256', '18631142256');
INSERT INTO `user_role_relation` VALUES (64, 100030026, 5, '2022-09-06 12:43:01', '2022-09-06 12:43:01', '18631142256', '18631142256');
INSERT INTO `user_role_relation` VALUES (65, 100030021, 8, '2022-09-06 12:44:10', '2022-09-06 12:44:10', '18631142256', '18631142256');
INSERT INTO `user_role_relation` VALUES (69, 100030018, 5, '2022-09-06 14:34:38', '2022-09-06 14:34:38', '18631142256', '18631142256');

SET FOREIGN_KEY_CHECKS = 1;
